GID,ID,D0001,D0002,D0003,D0005,D0006,M0001,M0002,M0003,M0004,M0005,M0006,M0007,M0008,M0009,M0010,M0011,M0012,M0013,M0014,M0015,M0016,M0017,M0018,M0019,M0020,M0021,M0022,M0023,M0024,M0025,M0026,M0027,M0028,M0029,M0030,M0031,M0032,M0033,M0034,M0035,M0036,M0037,M0038,M0039,M0040,M0041,M0042,M0043,M0044,M0045,M0046,M0047,M0048,M0049,M0050,M0101,M0102,M0103,M0104,M0105,M0106,M0201,M0202,M0203,M0204,M0205,M0206,M0207,M0208,M0209,M0210,M0211,M0212,M0213,M0214,M0215,M0216,M0217,M0218,M0219,M0220,M0221,M0301,M0302,M0303,M0304,M0305,M0306
S2013,1,NA,1,1,1,NA,1,NA,NA,NA,1,NA,NA,1,1,NA,1,1,NA,1,1,NA,1,0,1,NA,NA,0,1,NA,1,1,1,1,1,1,1,1,NA,NA,1,NA,1,NA,NA,NA,NA,1,NA,1,1,1,1,1,1,NA,1,0,1,1,NA,NA,NA,NA,NA,NA,NA,NA,NA,NA,NA,NA,NA,NA,NA,NA,NA,NA,NA,NA,NA,NA,NA,NA,NA,NA,NA,NA,NA
S2013,2,NA,1,1,1,NA,1,NA,NA,NA,1,NA,NA,1,0,NA,1,1,NA,1,1,NA,1,1,1,NA,NA,0,1,NA,1,1,1,1,1,1,1,1,NA,NA,1,NA,1,NA,NA,NA,NA,1,NA,1,1,1,1,1,1,NA,1,0,1,0,NA,NA,NA,NA,NA,NA,NA,NA,NA,NA,NA,NA,NA,NA,NA,NA,NA,NA,NA,NA,NA,NA,NA,NA,NA,NA,NA,NA,NA
S2013,3,NA,0,1,0,NA,0,NA,NA,NA,1,NA,NA,1,1,NA,1,1,NA,1,1,NA,0,0,0,NA,NA,0,1,NA,1,1,1,1,0,1,0,1,NA,NA,1,NA,1,NA,NA,NA,NA,1,NA,1,1,1,1,1,1,NA,1,0,1,0,NA,NA,NA,NA,NA,NA,NA,NA,NA,NA,NA,NA,NA,NA,NA,NA,NA,NA,NA,NA,NA,NA,NA,NA,NA,NA,NA,NA,NA
S2013,4,NA,1,0,1,NA,1,NA,NA,NA,1,NA,NA,0,1,NA,0,1,NA,1,1,NA,1,1,1,NA,NA,1,1,NA,1,1,1,1,1,1,1,1,NA,NA,1,NA,1,NA,NA,NA,NA,1,NA,1,1,1,1,1,1,NA,1,0,1,1,NA,NA,NA,NA,NA,NA,NA,NA,NA,NA,NA,NA,NA,NA,NA,NA,NA,NA,NA,NA,NA,NA,NA,NA,NA,NA,NA,NA,NA
S2013,5,NA,1,1,1,NA,1,NA,NA,NA,1,NA,NA,1,1,NA,0,1,NA,1,1,NA,0,1,1,NA,NA,1,1,NA,0,0,1,1,1,1,1,0,NA,NA,1,NA,1,NA,NA,NA,NA,1,NA,1,1,1,0,1,1,NA,0,0,0,1,NA,NA,NA,NA,NA,NA,NA,NA,NA,NA,NA,NA,NA,NA,NA,NA,NA,NA,NA,NA,NA,NA,NA,NA,NA,NA,NA,NA,NA
S2015,6,1,0,NA,1,1,1,NA,1,NA,1,NA,1,NA,1,NA,0,NA,1,NA,NA,NA,1,1,1,NA,NA,0,NA,1,NA,NA,1,NA,NA,1,0,1,NA,NA,NA,NA,1,NA,1,NA,NA,1,NA,1,1,NA,NA,NA,1,1,NA,NA,NA,NA,NA,NA,1,NA,1,1,1,NA,NA,1,NA,1,NA,1,1,NA,NA,1,NA,NA,1,1,1,1,1,NA,1,1,1
S2015,7,0,0,NA,0,0,1,NA,0,NA,1,NA,1,NA,1,NA,0,NA,1,NA,NA,NA,0,0,1,NA,NA,1,NA,1,NA,NA,1,NA,NA,0,0,1,NA,NA,NA,NA,1,NA,1,NA,NA,1,NA,1,1,NA,NA,NA,0,1,NA,NA,NA,NA,NA,NA,0,NA,1,0,1,NA,NA,1,NA,1,NA,0,0,NA,NA,1,NA,NA,0,1,1,0,0,NA,0,0,0
S2015,8,1,1,NA,1,1,1,NA,0,NA,1,NA,1,NA,1,NA,1,NA,1,NA,NA,NA,1,1,1,NA,NA,1,NA,1,NA,NA,0,NA,NA,1,0,1,NA,NA,NA,NA,1,NA,1,NA,NA,1,NA,1,1,NA,NA,NA,0,0,NA,NA,NA,NA,NA,NA,1,NA,1,0,0,NA,NA,0,NA,1,NA,0,1,NA,NA,1,NA,NA,0,1,0,0,0,NA,0,0,1
S2013,9,NA,1,1,1,NA,1,NA,NA,NA,1,NA,NA,1,1,NA,1,1,NA,1,1,NA,1,1,1,NA,NA,0,0,NA,1,1,1,1,1,1,1,1,NA,NA,1,NA,1,NA,NA,NA,NA,0,NA,1,0,1,1,1,1,NA,0,1,0,0,NA,NA,NA,NA,NA,NA,NA,NA,NA,NA,NA,NA,NA,NA,NA,NA,NA,NA,NA,NA,NA,NA,NA,NA,NA,NA,NA,NA,NA
S2013,10,NA,1,1,0,NA,0,NA,NA,NA,1,NA,NA,1,0,NA,0,1,NA,1,1,NA,1,1,1,NA,NA,0,1,NA,1,1,1,1,1,0,1,1,NA,NA,1,NA,1,NA,NA,NA,NA,1,NA,0,0,1,1,1,0,NA,0,0,0,0,NA,NA,NA,NA,NA,NA,NA,NA,NA,NA,NA,NA,NA,NA,NA,NA,NA,NA,NA,NA,NA,NA,NA,NA,NA,NA,NA,NA,NA
S2013,11,NA,0,1,1,NA,0,NA,NA,NA,1,NA,NA,1,1,NA,0,1,NA,0,0,NA,1,1,1,NA,NA,1,1,NA,1,1,1,1,1,1,0,1,NA,NA,1,NA,0,NA,NA,NA,NA,1,NA,1,0,1,1,1,1,NA,0,0,0,1,NA,NA,NA,NA,NA,NA,NA,NA,NA,NA,NA,NA,NA,NA,NA,NA,NA,NA,NA,NA,NA,NA,NA,NA,NA,NA,NA,NA,NA
S2015,12,1,1,NA,0,0,1,NA,0,NA,1,NA,1,NA,0,NA,1,NA,0,NA,NA,NA,0,1,1,NA,NA,1,NA,1,NA,NA,1,NA,NA,1,0,1,NA,NA,NA,NA,0,NA,0,NA,NA,1,NA,0,0,NA,NA,NA,0,0,NA,NA,NA,NA,NA,NA,0,NA,1,0,0,NA,NA,1,NA,1,NA,1,1,NA,NA,1,NA,NA,1,1,1,0,0,NA,0,0,1
S2013,13,NA,1,1,1,NA,1,NA,NA,NA,1,NA,NA,1,1,NA,1,1,NA,1,0,NA,0,0,1,NA,NA,0,0,NA,1,1,1,1,0,0,1,1,NA,NA,1,NA,1,NA,NA,NA,NA,1,NA,1,0,1,0,1,0,NA,1,0,1,0,NA,NA,NA,NA,NA,NA,NA,NA,NA,NA,NA,NA,NA,NA,NA,NA,NA,NA,NA,NA,NA,NA,NA,NA,NA,NA,NA,NA,NA
S2013,14,NA,1,1,1,NA,1,NA,NA,NA,1,NA,NA,1,0,NA,1,0,NA,1,1,NA,1,1,1,NA,NA,1,1,NA,1,1,1,1,1,0,1,1,NA,NA,1,NA,1,NA,NA,NA,NA,1,NA,1,0,1,1,1,1,NA,0,0,0,0,NA,NA,NA,NA,NA,NA,NA,NA,NA,NA,NA,NA,NA,NA,NA,NA,NA,NA,NA,NA,NA,NA,NA,NA,NA,NA,NA,NA,NA
S2015,15,1,0,NA,1,1,1,NA,1,NA,1,NA,1,NA,0,NA,1,NA,0,NA,NA,NA,1,1,1,NA,NA,1,NA,1,NA,NA,1,NA,NA,1,1,1,NA,NA,NA,NA,1,NA,1,NA,NA,1,NA,1,1,NA,NA,NA,1,1,NA,NA,NA,NA,NA,NA,1,NA,1,0,0,NA,NA,1,NA,1,NA,1,1,NA,NA,1,NA,NA,1,1,1,1,1,NA,1,1,1
S2013,16,NA,1,0,0,NA,0,NA,NA,NA,1,NA,NA,1,0,NA,0,0,NA,0,1,NA,0,0,0,NA,NA,1,0,NA,1,1,1,1,0,1,1,1,NA,NA,1,NA,0,NA,NA,NA,NA,1,NA,0,1,1,0,1,1,NA,0,0,0,0,NA,NA,NA,NA,NA,NA,NA,NA,NA,NA,NA,NA,NA,NA,NA,NA,NA,NA,NA,NA,NA,NA,NA,NA,NA,NA,NA,NA,NA
S2013,17,NA,1,1,1,NA,1,NA,NA,NA,1,NA,NA,1,1,NA,0,0,NA,1,1,NA,1,1,0,NA,NA,1,1,NA,1,0,0,1,1,0,1,1,NA,NA,1,NA,1,NA,NA,NA,NA,0,NA,1,0,1,0,1,0,NA,1,0,1,0,NA,NA,NA,NA,NA,NA,NA,NA,NA,NA,NA,NA,NA,NA,NA,NA,NA,NA,NA,NA,NA,NA,NA,NA,NA,NA,NA,NA,NA
S2015,18,1,0,NA,1,0,1,NA,1,NA,1,NA,1,NA,1,NA,0,NA,1,NA,NA,NA,1,1,1,NA,NA,1,NA,1,NA,NA,1,NA,NA,1,0,1,NA,NA,NA,NA,1,NA,1,NA,NA,1,NA,1,1,NA,NA,NA,1,0,NA,NA,NA,NA,NA,NA,0,NA,1,0,0,NA,NA,1,NA,1,NA,0,1,NA,NA,1,NA,NA,0,1,1,0,0,NA,0,0,1
S2013,19,NA,1,1,1,NA,0,NA,NA,NA,1,NA,NA,0,0,NA,1,1,NA,1,1,NA,0,0,0,NA,NA,1,1,NA,0,1,1,1,0,1,1,1,NA,NA,1,NA,1,NA,NA,NA,NA,1,NA,0,1,1,0,1,1,NA,1,0,0,0,NA,NA,NA,NA,NA,NA,NA,NA,NA,NA,NA,NA,NA,NA,NA,NA,NA,NA,NA,NA,NA,NA,NA,NA,NA,NA,NA,NA,NA
S2013,20,NA,1,1,1,NA,0,NA,NA,NA,1,NA,NA,0,1,NA,0,1,NA,1,1,NA,1,0,0,NA,NA,1,0,NA,1,1,1,1,0,0,1,0,NA,NA,0,NA,1,NA,NA,NA,NA,0,NA,1,1,1,0,1,0,NA,0,1,0,0,NA,NA,NA,NA,NA,NA,NA,NA,NA,NA,NA,NA,NA,NA,NA,NA,NA,NA,NA,NA,NA,NA,NA,NA,NA,NA,NA,NA,NA
S2013,21,NA,0,1,0,NA,1,NA,NA,NA,1,NA,NA,1,0,NA,0,1,NA,1,1,NA,1,1,1,NA,NA,1,1,NA,1,0,1,1,1,0,1,0,NA,NA,0,NA,1,NA,NA,NA,NA,0,NA,1,0,0,0,1,0,NA,0,0,0,0,NA,NA,NA,NA,NA,NA,NA,NA,NA,NA,NA,NA,NA,NA,NA,NA,NA,NA,NA,NA,NA,NA,NA,NA,NA,NA,NA,NA,NA
S2013,22,NA,0,1,1,NA,0,NA,NA,NA,1,NA,NA,1,1,NA,1,1,NA,1,1,NA,0,0,1,NA,NA,0,0,NA,1,1,1,1,1,0,1,1,NA,NA,0,NA,1,NA,NA,NA,NA,0,NA,1,0,1,0,1,0,NA,0,0,1,0,NA,NA,NA,NA,NA,NA,NA,NA,NA,NA,NA,NA,NA,NA,NA,NA,NA,NA,NA,NA,NA,NA,NA,NA,NA,NA,NA,NA,NA
C2014,23,NA,0,1,1,NA,NA,NA,0,0,NA,1,0,NA,0,1,0,1,NA,NA,NA,1,1,1,1,0,NA,NA,0,NA,0,NA,1,NA,1,1,1,NA,NA,NA,NA,1,0,0,1,1,0,0,1,NA,NA,NA,NA,NA,NA,NA,NA,NA,NA,NA,NA,NA,NA,NA,0,0,NA,0,NA,1,1,0,NA,1,NA,NA,NA,NA,0,NA,0,NA,NA,1,0,0,0,1,1
C2014,24,NA,0,0,0,NA,NA,NA,1,1,NA,1,1,NA,1,1,1,1,NA,NA,NA,0,1,1,0,1,NA,NA,1,NA,1,NA,1,NA,0,1,1,NA,NA,NA,NA,1,1,1,1,0,1,1,1,NA,NA,NA,NA,NA,NA,NA,NA,NA,NA,NA,NA,NA,NA,NA,0,0,NA,1,NA,1,1,1,NA,1,NA,NA,NA,NA,1,NA,0,NA,NA,1,1,1,1,1,1
C2014,25,NA,1,1,1,NA,NA,NA,0,0,NA,1,1,NA,1,1,0,1,NA,NA,NA,1,0,1,1,1,NA,NA,0,NA,0,NA,1,NA,0,1,1,NA,NA,NA,NA,1,1,1,1,0,0,1,0,NA,NA,NA,NA,NA,NA,NA,NA,NA,NA,NA,NA,NA,NA,NA,1,0,NA,0,NA,1,0,1,NA,1,NA,NA,NA,NA,0,NA,0,NA,NA,0,1,1,0,1,1
C2014,26,NA,1,0,1,NA,NA,NA,0,1,NA,1,1,NA,1,1,0,1,NA,NA,NA,1,1,1,1,1,NA,NA,1,NA,0,NA,0,NA,1,1,1,NA,NA,NA,NA,0,1,1,1,1,1,1,1,NA,NA,NA,NA,NA,NA,NA,NA,NA,NA,NA,NA,NA,NA,NA,0,0,NA,0,NA,1,1,1,NA,1,NA,NA,NA,NA,0,NA,0,NA,NA,1,0,1,0,0,1
C2014,27,NA,1,1,1,NA,NA,NA,0,1,NA,1,0,NA,1,1,1,1,NA,NA,NA,1,0,0,0,0,NA,NA,0,NA,1,NA,1,NA,1,0,1,NA,NA,NA,NA,1,1,1,1,1,1,1,1,NA,NA,NA,NA,NA,NA,NA,NA,NA,NA,NA,NA,NA,NA,NA,1,0,NA,1,NA,1,0,1,NA,1,NA,NA,NA,NA,0,NA,1,NA,NA,1,1,1,0,0,1
C2014,28,NA,1,1,1,NA,NA,NA,1,0,NA,1,0,NA,0,1,1,1,NA,NA,NA,1,1,1,1,0,NA,NA,0,NA,1,NA,1,NA,1,1,1,NA,NA,NA,NA,1,1,0,0,1,0,1,1,NA,NA,NA,NA,NA,NA,NA,NA,NA,NA,NA,NA,NA,NA,NA,0,0,NA,1,NA,1,1,1,NA,1,NA,NA,NA,NA,0,NA,1,NA,NA,1,1,0,0,0,1
C2014,29,NA,1,1,1,NA,NA,NA,1,1,NA,1,1,NA,1,1,1,1,NA,NA,NA,1,1,1,1,1,NA,NA,1,NA,0,NA,0,NA,1,1,1,NA,NA,NA,NA,1,1,1,1,1,1,1,1,NA,NA,NA,NA,NA,NA,NA,NA,NA,NA,NA,NA,NA,NA,NA,1,1,NA,1,NA,0,1,1,NA,1,NA,NA,NA,NA,0,NA,1,NA,NA,1,1,1,1,1,1
C2014,30,NA,0,0,1,NA,NA,NA,1,1,NA,1,1,NA,1,1,0,1,NA,NA,NA,1,1,1,0,1,NA,NA,0,NA,0,NA,1,NA,1,0,1,NA,NA,NA,NA,0,1,0,1,0,1,0,1,NA,NA,NA,NA,NA,NA,NA,NA,NA,NA,NA,NA,NA,NA,NA,1,1,NA,1,NA,1,0,1,NA,1,NA,NA,NA,NA,1,NA,0,NA,NA,1,1,1,0,1,1
C2014,31,NA,1,1,1,NA,NA,NA,1,1,NA,1,1,NA,1,1,1,1,NA,NA,NA,1,1,1,1,1,NA,NA,1,NA,0,NA,0,NA,1,1,1,NA,NA,NA,NA,1,1,1,1,1,1,1,0,NA,NA,NA,NA,NA,NA,NA,NA,NA,NA,NA,NA,NA,NA,NA,1,1,NA,1,NA,0,1,1,NA,1,NA,NA,NA,NA,0,NA,1,NA,NA,1,1,1,1,1,1
C2014,32,NA,1,1,1,NA,NA,NA,1,0,NA,1,1,NA,1,1,1,1,NA,NA,NA,1,0,0,1,1,NA,NA,1,NA,1,NA,1,NA,1,0,1,NA,NA,NA,NA,1,1,0,1,0,0,1,0,NA,NA,NA,NA,NA,NA,NA,NA,NA,NA,NA,NA,NA,NA,NA,1,1,NA,1,NA,0,1,0,NA,0,NA,NA,NA,NA,0,NA,1,NA,NA,1,1,1,0,0,1
C2014,33,NA,1,1,1,NA,NA,NA,0,1,NA,1,1,NA,1,1,1,1,NA,NA,NA,1,1,0,1,1,NA,NA,1,NA,1,NA,1,NA,1,1,1,NA,NA,NA,NA,1,1,0,0,1,1,1,0,NA,NA,NA,NA,NA,NA,NA,NA,NA,NA,NA,NA,NA,NA,NA,1,0,NA,1,NA,1,1,1,NA,1,NA,NA,NA,NA,0,NA,1,NA,NA,1,1,1,1,1,1
C2014,34,NA,1,1,1,NA,NA,NA,1,1,NA,1,1,NA,1,1,0,1,NA,NA,NA,1,1,1,0,0,NA,NA,0,NA,1,NA,1,NA,1,0,0,NA,NA,NA,NA,0,1,0,1,0,1,1,1,NA,NA,NA,NA,NA,NA,NA,NA,NA,NA,NA,NA,NA,NA,NA,0,1,NA,1,NA,1,0,1,NA,1,NA,NA,NA,NA,0,NA,1,NA,NA,0,0,0,0,0,0
C2014,35,NA,1,1,1,NA,NA,NA,0,1,NA,1,1,NA,1,1,1,1,NA,NA,NA,1,0,0,1,1,NA,NA,1,NA,1,NA,1,NA,1,1,1,NA,NA,NA,NA,1,1,0,0,1,1,1,0,NA,NA,NA,NA,NA,NA,NA,NA,NA,NA,NA,NA,NA,NA,NA,1,0,NA,1,NA,1,1,1,NA,1,NA,NA,NA,NA,0,NA,0,NA,NA,1,1,1,1,1,0
C2014,36,NA,1,1,1,NA,NA,NA,0,0,NA,0,1,NA,1,1,1,1,NA,NA,NA,1,0,1,1,0,NA,NA,1,NA,0,NA,1,NA,1,1,1,NA,NA,NA,NA,1,1,1,0,1,1,1,0,NA,NA,NA,NA,NA,NA,NA,NA,NA,NA,NA,NA,NA,NA,NA,1,1,NA,1,NA,1,1,1,NA,0,NA,NA,NA,NA,0,NA,0,NA,NA,1,0,1,1,1,0
C2014,37,NA,1,1,1,NA,NA,NA,0,0,NA,0,1,NA,1,1,0,0,NA,NA,NA,1,1,1,1,0,NA,NA,1,NA,1,NA,1,NA,1,1,1,NA,NA,NA,NA,0,0,1,0,0,1,1,1,NA,NA,NA,NA,NA,NA,NA,NA,NA,NA,NA,NA,NA,NA,NA,1,0,NA,1,NA,1,0,1,NA,0,NA,NA,NA,NA,0,NA,1,NA,NA,0,0,1,1,1,1
C2014,38,NA,0,0,1,NA,NA,NA,0,1,NA,0,0,NA,1,0,0,1,NA,NA,NA,1,1,1,1,0,NA,NA,1,NA,1,NA,1,NA,1,0,1,NA,NA,NA,NA,1,1,1,0,1,0,1,0,NA,NA,NA,NA,NA,NA,NA,NA,NA,NA,NA,NA,NA,NA,NA,1,0,NA,1,NA,0,1,1,NA,0,NA,NA,NA,NA,1,NA,0,NA,NA,0,0,1,0,0,1
C2014,39,NA,1,1,1,NA,NA,NA,0,1,NA,1,1,NA,1,1,1,1,NA,NA,NA,1,0,0,1,1,NA,NA,1,NA,1,NA,1,NA,1,1,1,NA,NA,NA,NA,1,1,0,0,1,1,1,0,NA,NA,NA,NA,NA,NA,NA,NA,NA,NA,NA,NA,NA,NA,NA,1,0,NA,1,NA,1,1,1,NA,1,NA,NA,NA,NA,0,NA,0,NA,NA,1,1,1,1,1,0
C2014,40,NA,0,1,1,NA,NA,NA,1,0,NA,1,1,NA,1,1,1,1,NA,NA,NA,1,0,1,0,1,NA,NA,1,NA,1,NA,1,NA,1,1,0,NA,NA,NA,NA,1,1,1,1,0,0,1,0,NA,NA,NA,NA,NA,NA,NA,NA,NA,NA,NA,NA,NA,NA,NA,1,0,NA,0,NA,0,0,1,NA,0,NA,NA,NA,NA,0,NA,0,NA,NA,1,1,1,1,1,1
C2014,41,NA,1,1,1,NA,NA,NA,0,0,NA,0,1,NA,1,1,1,1,NA,NA,NA,0,0,0,0,0,NA,NA,0,NA,1,NA,1,NA,0,1,0,NA,NA,NA,NA,1,1,0,1,1,0,0,0,NA,NA,NA,NA,NA,NA,NA,NA,NA,NA,NA,NA,NA,NA,NA,1,1,NA,0,NA,0,0,1,NA,1,NA,NA,NA,NA,1,NA,1,NA,NA,0,1,1,0,1,1
C2014,42,NA,1,1,1,NA,NA,NA,0,0,NA,0,1,NA,1,1,0,1,NA,NA,NA,1,0,1,1,1,NA,NA,0,NA,1,NA,1,NA,1,0,1,NA,NA,NA,NA,1,1,1,1,1,1,1,1,NA,NA,NA,NA,NA,NA,NA,NA,NA,NA,NA,NA,NA,NA,NA,1,0,NA,1,NA,1,1,1,NA,0,NA,NA,NA,NA,1,NA,0,NA,NA,1,0,0,1,0,0
C2014,43,NA,1,1,1,NA,NA,NA,0,0,NA,0,1,NA,0,1,1,1,NA,NA,NA,1,0,1,1,1,NA,NA,1,NA,1,NA,1,NA,1,0,1,NA,NA,NA,NA,1,1,0,1,0,1,1,1,NA,NA,NA,NA,NA,NA,NA,NA,NA,NA,NA,NA,NA,NA,NA,0,0,NA,1,NA,1,1,1,NA,1,NA,NA,NA,NA,1,NA,0,NA,NA,0,1,0,0,0,0
C2014,44,NA,0,1,1,NA,NA,NA,1,0,NA,1,1,NA,1,1,1,1,NA,NA,NA,1,0,1,0,0,NA,NA,0,NA,1,NA,1,NA,1,1,1,NA,NA,NA,NA,1,1,1,1,1,0,1,1,NA,NA,NA,NA,NA,NA,NA,NA,NA,NA,NA,NA,NA,NA,NA,1,0,NA,1,NA,1,1,0,NA,0,NA,NA,NA,NA,0,NA,0,NA,NA,1,1,1,0,1,1
S2015,45,1,1,NA,1,0,1,NA,1,NA,0,NA,1,NA,1,NA,0,NA,1,NA,NA,NA,1,0,1,NA,NA,0,NA,1,NA,NA,1,NA,NA,1,1,1,NA,NA,NA,NA,1,NA,1,NA,NA,1,NA,1,1,NA,NA,NA,1,1,NA,NA,NA,NA,NA,NA,0,NA,1,0,1,NA,NA,1,NA,1,NA,0,1,NA,NA,1,NA,NA,0,1,1,1,0,NA,1,0,1
S2015,46,1,0,NA,0,0,1,NA,1,NA,1,NA,1,NA,0,NA,0,NA,1,NA,NA,NA,0,1,1,NA,NA,1,NA,1,NA,NA,1,NA,NA,1,0,1,NA,NA,NA,NA,1,NA,1,NA,NA,0,NA,0,1,NA,NA,NA,1,1,NA,NA,NA,NA,NA,NA,1,NA,1,0,0,NA,NA,0,NA,1,NA,1,1,NA,NA,0,NA,NA,0,1,1,0,0,NA,0,0,0
S2015,47,1,1,NA,1,1,0,NA,1,NA,1,NA,1,NA,1,NA,0,NA,1,NA,NA,NA,1,1,1,NA,NA,0,NA,1,NA,NA,1,NA,NA,1,1,1,NA,NA,NA,NA,1,NA,1,NA,NA,1,NA,1,1,NA,NA,NA,1,1,NA,NA,NA,NA,NA,NA,0,NA,1,0,0,NA,NA,1,NA,1,NA,1,1,NA,NA,1,NA,NA,1,1,1,1,1,NA,1,1,0
S2015,48,1,0,NA,1,0,1,NA,1,NA,0,NA,1,NA,1,NA,0,NA,1,NA,NA,NA,1,1,1,NA,NA,0,NA,1,NA,NA,1,NA,NA,1,1,1,NA,NA,NA,NA,1,NA,1,NA,NA,1,NA,1,1,NA,NA,NA,1,1,NA,NA,NA,NA,NA,NA,1,NA,1,0,0,NA,NA,1,NA,1,NA,0,1,NA,NA,1,NA,NA,1,1,1,0,0,NA,0,0,0
S2015,49,1,0,NA,0,0,1,NA,1,NA,1,NA,1,NA,0,NA,0,NA,1,NA,NA,NA,0,1,1,NA,NA,1,NA,1,NA,NA,1,NA,NA,1,1,1,NA,NA,NA,NA,1,NA,1,NA,NA,1,NA,1,0,NA,NA,NA,0,0,NA,NA,NA,NA,NA,NA,0,NA,0,0,0,NA,NA,1,NA,1,NA,1,0,NA,NA,1,NA,NA,0,1,0,0,0,NA,0,0,0
S2015,50,1,1,NA,1,0,0,NA,1,NA,0,NA,1,NA,1,NA,1,NA,1,NA,NA,NA,1,1,1,NA,NA,1,NA,0,NA,NA,1,NA,NA,1,1,0,NA,NA,NA,NA,1,NA,1,NA,NA,1,NA,1,1,NA,NA,NA,1,1,NA,NA,NA,NA,NA,NA,1,NA,1,1,1,NA,NA,1,NA,1,NA,1,1,NA,NA,1,NA,NA,1,1,1,1,1,NA,1,1,0
S2015,51,1,1,NA,1,0,0,NA,1,NA,0,NA,1,NA,1,NA,0,NA,1,NA,NA,NA,0,1,1,NA,NA,1,NA,0,NA,NA,1,NA,NA,1,0,1,NA,NA,NA,NA,1,NA,1,NA,NA,1,NA,1,1,NA,NA,NA,0,0,NA,NA,NA,NA,NA,NA,0,NA,1,0,0,NA,NA,1,NA,1,NA,0,0,NA,NA,0,NA,NA,0,1,1,1,1,NA,0,0,0
S2015,52,1,0,NA,1,1,1,NA,1,NA,1,NA,0,NA,1,NA,0,NA,1,NA,NA,NA,1,1,1,NA,NA,1,NA,1,NA,NA,1,NA,NA,1,0,0,NA,NA,NA,NA,1,NA,1,NA,NA,1,NA,1,1,NA,NA,NA,1,1,NA,NA,NA,NA,NA,NA,1,NA,1,0,0,NA,NA,1,NA,1,NA,0,1,NA,NA,1,NA,NA,0,0,1,0,0,NA,0,0,0
S2015,53,0,0,NA,0,0,1,NA,1,NA,1,NA,1,NA,1,NA,0,NA,1,NA,NA,NA,0,0,0,NA,NA,0,NA,1,NA,NA,1,NA,NA,1,0,1,NA,NA,NA,NA,1,NA,1,NA,NA,1,NA,1,1,NA,NA,NA,1,1,NA,NA,NA,NA,NA,NA,0,NA,1,0,1,NA,NA,0,NA,1,NA,1,1,NA,NA,1,NA,NA,1,1,0,0,0,NA,0,1,0
C2014,54,NA,0,1,0,NA,NA,NA,1,0,NA,0,1,NA,1,1,1,1,NA,NA,NA,0,0,0,1,1,NA,NA,1,NA,0,NA,1,NA,1,0,1,NA,NA,NA,NA,1,0,1,0,0,0,0,1,NA,NA,NA,NA,NA,NA,NA,NA,NA,NA,NA,NA,NA,NA,NA,1,0,NA,1,NA,1,0,1,NA,1,NA,NA,NA,NA,0,NA,0,NA,NA,1,1,0,1,0,1
C2014,55,NA,0,0,1,NA,NA,NA,1,0,NA,1,1,NA,0,1,0,1,NA,NA,NA,0,0,1,1,1,NA,NA,0,NA,1,NA,0,NA,0,1,0,NA,NA,NA,NA,1,0,0,1,1,1,1,1,NA,NA,NA,NA,NA,NA,NA,NA,NA,NA,NA,NA,NA,NA,NA,0,0,NA,0,NA,0,1,0,NA,0,NA,NA,NA,NA,0,NA,1,NA,NA,1,1,1,0,0,0
S2014,56,NA,NA,NA,NA,NA,1,1,1,NA,0,1,NA,NA,0,NA,NA,NA,0,NA,0,1,0,NA,1,NA,0,NA,NA,1,NA,NA,1,1,1,1,1,NA,NA,NA,NA,NA,1,NA,NA,NA,1,1,NA,NA,1,1,NA,NA,NA,NA,NA,NA,NA,NA,NA,NA,NA,NA,NA,NA,NA,NA,NA,NA,NA,NA,NA,NA,NA,NA,NA,NA,NA,NA,NA,NA,NA,0,1,1,NA,NA,0
S2014,57,NA,NA,NA,NA,NA,0,0,1,NA,0,1,NA,NA,1,NA,NA,NA,0,NA,1,1,0,NA,1,NA,1,NA,NA,1,NA,NA,1,0,0,1,1,NA,NA,NA,NA,NA,1,NA,NA,NA,1,0,NA,NA,1,1,NA,NA,NA,NA,NA,NA,NA,NA,NA,NA,NA,NA,NA,NA,NA,NA,NA,NA,NA,NA,NA,NA,NA,NA,NA,NA,NA,NA,NA,NA,NA,1,1,0,NA,NA,0
C2014,58,NA,1,1,1,NA,NA,NA,1,0,NA,1,1,NA,1,1,0,1,NA,NA,NA,0,0,1,1,1,NA,NA,1,NA,1,NA,1,NA,0,1,1,NA,NA,NA,NA,1,1,1,1,1,1,1,1,NA,NA,NA,NA,NA,NA,NA,NA,NA,NA,NA,NA,NA,NA,NA,0,0,NA,1,NA,1,1,1,NA,1,NA,NA,NA,NA,0,NA,0,NA,NA,0,0,1,0,0,1
C2014,59,NA,1,0,1,NA,NA,NA,0,1,NA,1,1,NA,1,1,0,1,NA,NA,NA,1,0,0,1,1,NA,NA,1,NA,1,NA,0,NA,1,1,1,NA,NA,NA,NA,1,1,1,1,1,1,1,1,NA,NA,NA,NA,NA,NA,NA,NA,NA,NA,NA,NA,NA,NA,NA,1,1,NA,1,NA,0,1,1,NA,1,NA,NA,NA,NA,0,NA,1,NA,NA,1,0,0,1,0,1
C2014,60,NA,0,1,1,NA,NA,NA,1,1,NA,1,1,NA,1,1,0,0,NA,NA,NA,0,1,1,1,1,NA,NA,0,NA,1,NA,1,NA,1,1,1,NA,NA,NA,NA,0,1,1,1,1,1,1,1,NA,NA,NA,NA,NA,NA,NA,NA,NA,NA,NA,NA,NA,NA,NA,0,1,NA,1,NA,1,0,1,NA,1,NA,NA,NA,NA,1,NA,1,NA,NA,1,1,1,1,1,1
C2014,61,NA,0,0,1,NA,NA,NA,1,0,NA,0,1,NA,1,1,0,0,NA,NA,NA,1,0,0,1,1,NA,NA,1,NA,1,NA,1,NA,0,0,1,NA,NA,NA,NA,1,1,0,1,1,0,0,1,NA,NA,NA,NA,NA,NA,NA,NA,NA,NA,NA,NA,NA,NA,NA,1,0,NA,0,NA,1,1,1,NA,1,NA,NA,NA,NA,0,NA,1,NA,NA,1,0,0,1,1,1
C2014,62,NA,0,1,1,NA,NA,NA,0,0,NA,0,0,NA,0,1,0,1,NA,NA,NA,0,0,1,1,1,NA,NA,1,NA,1,NA,1,NA,0,0,1,NA,NA,NA,NA,1,1,1,0,0,0,0,1,NA,NA,NA,NA,NA,NA,NA,NA,NA,NA,NA,NA,NA,NA,NA,0,0,NA,1,NA,1,1,1,NA,0,NA,NA,NA,NA,0,NA,0,NA,NA,0,0,1,0,0,1
C2014,63,NA,1,0,1,NA,NA,NA,0,0,NA,1,0,NA,1,1,0,1,NA,NA,NA,1,1,1,1,0,NA,NA,0,NA,1,NA,1,NA,1,1,1,NA,NA,NA,NA,0,1,1,1,1,1,1,1,NA,NA,NA,NA,NA,NA,NA,NA,NA,NA,NA,NA,NA,NA,NA,0,0,NA,1,NA,1,1,1,NA,0,NA,NA,NA,NA,0,NA,0,NA,NA,1,1,0,0,1,1
C2014,64,NA,0,0,1,NA,NA,NA,1,1,NA,1,0,NA,1,0,1,1,NA,NA,NA,1,0,1,1,1,NA,NA,0,NA,1,NA,1,NA,0,0,1,NA,NA,NA,NA,0,1,1,0,1,1,0,0,NA,NA,NA,NA,NA,NA,NA,NA,NA,NA,NA,NA,NA,NA,NA,1,0,NA,1,NA,1,1,0,NA,1,NA,NA,NA,NA,0,NA,0,NA,NA,0,0,0,0,0,1
C2014,65,NA,1,1,1,NA,NA,NA,1,0,NA,1,1,NA,1,1,0,1,NA,NA,NA,0,0,1,1,0,NA,NA,1,NA,1,NA,1,NA,1,1,1,NA,NA,NA,NA,1,1,1,0,1,0,0,0,NA,NA,NA,NA,NA,NA,NA,NA,NA,NA,NA,NA,NA,NA,NA,1,0,NA,0,NA,1,1,0,NA,1,NA,NA,NA,NA,0,NA,0,NA,NA,1,1,1,1,1,0
C2014,66,NA,0,1,1,NA,NA,NA,1,1,NA,1,1,NA,0,1,1,1,NA,NA,NA,1,1,1,1,1,NA,NA,1,NA,1,NA,1,NA,1,1,1,NA,NA,NA,NA,1,1,0,1,1,1,1,1,NA,NA,NA,NA,NA,NA,NA,NA,NA,NA,NA,NA,NA,NA,NA,1,1,NA,1,NA,1,1,1,NA,0,NA,NA,NA,NA,0,NA,1,NA,NA,1,1,1,1,1,1
C2014,67,NA,1,1,1,NA,NA,NA,1,1,NA,1,1,NA,0,1,1,1,NA,NA,NA,1,1,1,1,1,NA,NA,0,NA,1,NA,0,NA,1,0,1,NA,NA,NA,NA,1,1,0,1,0,1,1,1,NA,NA,NA,NA,NA,NA,NA,NA,NA,NA,NA,NA,NA,NA,NA,0,1,NA,0,NA,1,1,1,NA,1,NA,NA,NA,NA,0,NA,1,NA,NA,1,1,1,1,1,0
C2014,68,NA,1,1,1,NA,NA,NA,1,0,NA,1,1,NA,1,1,0,1,NA,NA,NA,0,1,1,1,1,NA,NA,1,NA,1,NA,1,NA,1,0,1,NA,NA,NA,NA,0,1,1,1,1,1,1,1,NA,NA,NA,NA,NA,NA,NA,NA,NA,NA,NA,NA,NA,NA,NA,1,0,NA,1,NA,1,1,1,NA,1,NA,NA,NA,NA,0,NA,1,NA,NA,1,1,0,0,0,0
C2014,69,NA,1,1,1,NA,NA,NA,0,1,NA,0,1,NA,1,1,1,1,NA,NA,NA,1,1,1,1,1,NA,NA,1,NA,1,NA,1,NA,1,1,1,NA,NA,NA,NA,1,1,1,1,1,1,1,1,NA,NA,NA,NA,NA,NA,NA,NA,NA,NA,NA,NA,NA,NA,NA,1,1,NA,1,NA,1,1,1,NA,1,NA,NA,NA,NA,0,NA,1,NA,NA,1,1,1,0,0,1
C2014,70,NA,1,0,1,NA,NA,NA,0,0,NA,1,1,NA,1,1,0,1,NA,NA,NA,1,0,1,1,1,NA,NA,1,NA,1,NA,1,NA,1,0,1,NA,NA,NA,NA,1,1,0,1,1,1,1,1,NA,NA,NA,NA,NA,NA,NA,NA,NA,NA,NA,NA,NA,NA,NA,1,0,NA,1,NA,1,1,1,NA,0,NA,NA,NA,NA,1,NA,1,NA,NA,1,1,1,0,0,1
C2014,71,NA,0,1,1,NA,NA,NA,1,0,NA,1,1,NA,1,1,0,1,NA,NA,NA,1,0,1,1,0,NA,NA,0,NA,0,NA,1,NA,1,0,1,NA,NA,NA,NA,1,1,1,1,1,0,1,0,NA,NA,NA,NA,NA,NA,NA,NA,NA,NA,NA,NA,NA,NA,NA,1,0,NA,0,NA,1,1,0,NA,0,NA,NA,NA,NA,0,NA,1,NA,NA,1,1,1,0,0,1
C2014,72,NA,0,1,1,NA,NA,NA,0,1,NA,1,1,NA,0,1,0,0,NA,NA,NA,1,1,0,0,1,NA,NA,1,NA,1,NA,1,NA,1,0,1,NA,NA,NA,NA,1,1,1,0,1,1,1,1,NA,NA,NA,NA,NA,NA,NA,NA,NA,NA,NA,NA,NA,NA,NA,1,1,NA,0,NA,0,0,0,NA,1,NA,NA,NA,NA,1,NA,1,NA,NA,0,0,1,0,0,1
C2014,73,NA,0,0,1,NA,NA,NA,1,1,NA,1,1,NA,1,1,0,1,NA,NA,NA,1,0,1,1,1,NA,NA,1,NA,1,NA,1,NA,1,1,1,NA,NA,NA,NA,1,1,0,1,1,1,1,1,NA,NA,NA,NA,NA,NA,NA,NA,NA,NA,NA,NA,NA,NA,NA,1,0,NA,1,NA,1,1,1,NA,0,NA,NA,NA,NA,0,NA,1,NA,NA,1,0,1,0,0,1
C2014,74,NA,0,0,1,NA,NA,NA,1,1,NA,1,0,NA,0,0,1,0,NA,NA,NA,1,1,1,1,1,NA,NA,0,NA,1,NA,0,NA,0,0,0,NA,NA,NA,NA,0,0,1,1,0,1,0,0,NA,NA,NA,NA,NA,NA,NA,NA,NA,NA,NA,NA,NA,NA,NA,0,0,NA,1,NA,0,0,1,NA,0,NA,NA,NA,NA,0,NA,1,NA,NA,1,0,0,0,0,0
C2014,75,NA,0,1,1,NA,NA,NA,1,0,NA,1,1,NA,1,1,1,1,NA,NA,NA,1,0,1,1,1,NA,NA,1,NA,1,NA,1,NA,1,1,1,NA,NA,NA,NA,1,1,1,0,0,1,1,0,NA,NA,NA,NA,NA,NA,NA,NA,NA,NA,NA,NA,NA,NA,NA,1,0,NA,0,NA,1,1,0,NA,1,NA,NA,NA,NA,1,NA,0,NA,NA,1,1,1,1,1,0
C2014,76,NA,1,0,1,NA,NA,NA,1,0,NA,1,1,NA,1,1,0,0,NA,NA,NA,1,1,0,0,1,NA,NA,0,NA,1,NA,1,NA,0,0,0,NA,NA,NA,NA,0,1,0,1,0,1,0,1,NA,NA,NA,NA,NA,NA,NA,NA,NA,NA,NA,NA,NA,NA,NA,1,1,NA,1,NA,1,1,0,NA,1,NA,NA,NA,NA,1,NA,1,NA,NA,0,0,0,0,0,0
C2014,77,NA,1,0,1,NA,NA,NA,1,0,NA,1,1,NA,0,1,0,1,NA,NA,NA,0,1,1,1,1,NA,NA,1,NA,1,NA,1,NA,0,0,1,NA,NA,NA,NA,0,1,0,0,0,1,0,0,NA,NA,NA,NA,NA,NA,NA,NA,NA,NA,NA,NA,NA,NA,NA,1,0,NA,1,NA,1,1,0,NA,1,NA,NA,NA,NA,0,NA,1,NA,NA,0,0,0,0,0,1
C2014,78,NA,1,0,1,NA,NA,NA,0,0,NA,1,0,NA,1,1,0,1,NA,NA,NA,1,0,0,1,1,NA,NA,0,NA,1,NA,1,NA,1,1,1,NA,NA,NA,NA,0,1,1,1,1,1,1,0,NA,NA,NA,NA,NA,NA,NA,NA,NA,NA,NA,NA,NA,NA,NA,1,1,NA,1,NA,1,1,0,NA,0,NA,NA,NA,NA,0,NA,1,NA,NA,1,1,1,1,1,1
S2014,79,NA,NA,NA,NA,NA,1,1,0,NA,0,0,NA,NA,0,NA,NA,NA,0,NA,1,1,1,NA,1,NA,0,NA,NA,1,NA,NA,0,1,0,0,1,NA,NA,NA,NA,NA,1,NA,NA,NA,1,1,NA,NA,1,1,NA,NA,NA,NA,NA,NA,NA,NA,NA,NA,NA,NA,NA,NA,NA,NA,NA,NA,NA,NA,NA,NA,NA,NA,NA,NA,NA,NA,NA,NA,NA,0,0,1,NA,NA,1
C2014,80,NA,0,1,0,NA,NA,NA,1,1,NA,1,1,NA,1,1,1,1,NA,NA,NA,1,1,1,1,1,NA,NA,0,NA,1,NA,1,NA,1,0,1,NA,NA,NA,NA,1,1,1,1,0,1,1,0,NA,NA,NA,NA,NA,NA,NA,NA,NA,NA,NA,NA,NA,NA,NA,1,0,NA,1,NA,1,0,1,NA,1,NA,NA,NA,NA,0,NA,1,NA,NA,1,1,1,1,1,1
C2014,81,NA,0,1,0,NA,NA,NA,0,1,NA,1,1,NA,1,1,1,1,NA,NA,NA,1,1,1,1,0,NA,NA,0,NA,1,NA,1,NA,1,1,1,NA,NA,NA,NA,1,0,1,1,1,1,1,1,NA,NA,NA,NA,NA,NA,NA,NA,NA,NA,NA,NA,NA,NA,NA,0,0,NA,1,NA,0,1,1,NA,1,NA,NA,NA,NA,0,NA,1,NA,NA,1,1,1,1,1,1
C2014,82,NA,1,1,1,NA,NA,NA,1,1,NA,1,1,NA,0,0,1,0,NA,NA,NA,1,1,1,1,1,NA,NA,0,NA,1,NA,1,NA,1,0,1,NA,NA,NA,NA,1,1,1,1,1,1,1,0,NA,NA,NA,NA,NA,NA,NA,NA,NA,NA,NA,NA,NA,NA,NA,1,0,NA,1,NA,1,1,1,NA,0,NA,NA,NA,NA,0,NA,1,NA,NA,1,1,1,1,1,1
C2014,83,NA,1,1,1,NA,NA,NA,1,1,NA,0,1,NA,1,1,0,1,NA,NA,NA,1,0,1,1,1,NA,NA,1,NA,1,NA,1,NA,1,0,1,NA,NA,NA,NA,0,1,1,1,0,0,0,1,NA,NA,NA,NA,NA,NA,NA,NA,NA,NA,NA,NA,NA,NA,NA,0,1,NA,1,NA,1,0,1,NA,1,NA,NA,NA,NA,0,NA,0,NA,NA,1,1,1,1,1,1
C2014,84,NA,0,1,0,NA,NA,NA,1,1,NA,1,1,NA,1,1,0,1,NA,NA,NA,1,1,0,1,1,NA,NA,0,NA,1,NA,1,NA,1,1,1,NA,NA,NA,NA,0,1,1,0,0,1,1,1,NA,NA,NA,NA,NA,NA,NA,NA,NA,NA,NA,NA,NA,NA,NA,1,1,NA,1,NA,0,1,1,NA,1,NA,NA,NA,NA,0,NA,1,NA,NA,1,1,1,1,1,1
C2014,85,NA,1,1,1,NA,NA,NA,1,1,NA,0,0,NA,0,1,1,1,NA,NA,NA,1,1,1,1,1,NA,NA,1,NA,1,NA,1,NA,1,1,1,NA,NA,NA,NA,1,0,1,1,1,1,1,1,NA,NA,NA,NA,NA,NA,NA,NA,NA,NA,NA,NA,NA,NA,NA,1,0,NA,0,NA,1,1,1,NA,1,NA,NA,NA,NA,0,NA,1,NA,NA,1,1,1,1,1,1
C2014,86,NA,1,1,1,NA,NA,NA,1,1,NA,1,1,NA,1,1,1,1,NA,NA,NA,1,1,1,1,0,NA,NA,1,NA,1,NA,1,NA,1,1,1,NA,NA,NA,NA,1,1,1,1,1,1,0,1,NA,NA,NA,NA,NA,NA,NA,NA,NA,NA,NA,NA,NA,NA,NA,0,1,NA,1,NA,1,1,1,NA,0,NA,NA,NA,NA,1,NA,0,NA,NA,1,1,1,1,1,1
C2014,87,NA,1,1,1,NA,NA,NA,0,1,NA,0,1,NA,1,1,0,0,NA,NA,NA,1,0,1,1,1,NA,NA,1,NA,1,NA,0,NA,1,1,0,NA,NA,NA,NA,1,1,1,1,0,1,1,0,NA,NA,NA,NA,NA,NA,NA,NA,NA,NA,NA,NA,NA,NA,NA,1,1,NA,0,NA,0,1,0,NA,0,NA,NA,NA,NA,1,NA,1,NA,NA,0,0,1,0,0,1
C2014,88,NA,1,0,1,NA,NA,NA,1,0,NA,0,1,NA,1,1,0,1,NA,NA,NA,0,0,1,0,1,NA,NA,0,NA,1,NA,1,NA,0,0,1,NA,NA,NA,NA,1,1,0,1,0,1,1,1,NA,NA,NA,NA,NA,NA,NA,NA,NA,NA,NA,NA,NA,NA,NA,1,0,NA,1,NA,1,0,1,NA,1,NA,NA,NA,NA,1,NA,0,NA,NA,0,0,1,0,0,0
S2014,89,NA,NA,NA,NA,NA,1,1,0,NA,1,0,NA,NA,1,NA,NA,NA,1,NA,1,1,1,NA,1,NA,1,NA,NA,1,NA,NA,1,1,1,1,1,NA,NA,NA,NA,NA,1,NA,NA,NA,1,1,NA,NA,1,1,NA,NA,NA,NA,NA,NA,NA,NA,NA,NA,NA,NA,NA,NA,NA,NA,NA,NA,NA,NA,NA,NA,NA,NA,NA,NA,NA,NA,NA,NA,NA,1,1,1,NA,NA,1
S2014,90,NA,NA,NA,NA,NA,1,1,0,NA,1,1,NA,NA,1,NA,NA,NA,0,NA,1,1,0,NA,1,NA,0,NA,NA,1,NA,NA,1,0,1,0,0,NA,NA,NA,NA,NA,1,NA,NA,NA,1,1,NA,NA,0,1,NA,NA,NA,NA,NA,NA,NA,NA,NA,NA,NA,NA,NA,NA,NA,NA,NA,NA,NA,NA,NA,NA,NA,NA,NA,NA,NA,NA,NA,NA,NA,0,0,1,NA,NA,1
S2014,91,NA,NA,NA,NA,NA,1,0,1,NA,1,1,NA,NA,0,NA,NA,NA,0,NA,1,1,1,NA,0,NA,1,NA,NA,0,NA,NA,0,1,0,0,0,NA,NA,NA,NA,NA,0,NA,NA,NA,0,0,NA,NA,0,0,NA,NA,NA,NA,NA,NA,NA,NA,NA,NA,NA,NA,NA,NA,NA,NA,NA,NA,NA,NA,NA,NA,NA,NA,NA,NA,NA,NA,NA,NA,NA,0,0,0,NA,NA,0
S2014,92,NA,NA,NA,NA,NA,1,1,1,NA,1,1,NA,NA,1,NA,NA,NA,1,NA,1,1,1,NA,1,NA,0,NA,NA,0,NA,NA,1,1,1,1,1,NA,NA,NA,NA,NA,1,NA,NA,NA,1,1,NA,NA,1,1,NA,NA,NA,NA,NA,NA,NA,NA,NA,NA,NA,NA,NA,NA,NA,NA,NA,NA,NA,NA,NA,NA,NA,NA,NA,NA,NA,NA,NA,NA,NA,1,1,1,NA,NA,1
S2014,93,NA,NA,NA,NA,NA,1,1,0,NA,1,0,NA,NA,0,NA,NA,NA,0,NA,1,1,1,NA,1,NA,0,NA,NA,1,NA,NA,1,1,0,0,1,NA,NA,NA,NA,NA,1,NA,NA,NA,0,0,NA,NA,1,0,NA,NA,NA,NA,NA,NA,NA,NA,NA,NA,NA,NA,NA,NA,NA,NA,NA,NA,NA,NA,NA,NA,NA,NA,NA,NA,NA,NA,NA,NA,NA,1,1,1,NA,NA,1
S2014,94,NA,NA,NA,NA,NA,1,1,1,NA,1,1,NA,NA,0,NA,NA,NA,1,NA,1,1,1,NA,1,NA,1,NA,NA,1,NA,NA,1,1,1,1,1,NA,NA,NA,NA,NA,1,NA,NA,NA,0,1,NA,NA,0,0,NA,NA,NA,NA,NA,NA,NA,NA,NA,NA,NA,NA,NA,NA,NA,NA,NA,NA,NA,NA,NA,NA,NA,NA,NA,NA,NA,NA,NA,NA,NA,1,1,1,NA,NA,1
S2014,95,NA,NA,NA,NA,NA,1,1,1,NA,0,1,NA,NA,1,NA,NA,NA,0,NA,1,1,1,NA,1,NA,0,NA,NA,1,NA,NA,1,1,1,1,1,NA,NA,NA,NA,NA,1,NA,NA,NA,0,1,NA,NA,1,1,NA,NA,NA,NA,NA,NA,NA,NA,NA,NA,NA,NA,NA,NA,NA,NA,NA,NA,NA,NA,NA,NA,NA,NA,NA,NA,NA,NA,NA,NA,NA,1,1,1,NA,NA,1
S2014,96,NA,NA,NA,NA,NA,1,1,1,NA,0,0,NA,NA,1,NA,NA,NA,0,NA,1,0,0,NA,1,NA,1,NA,NA,1,NA,NA,1,1,0,1,0,NA,NA,NA,NA,NA,0,NA,NA,NA,0,1,NA,NA,1,1,NA,NA,NA,NA,NA,NA,NA,NA,NA,NA,NA,NA,NA,NA,NA,NA,NA,NA,NA,NA,NA,NA,NA,NA,NA,NA,NA,NA,NA,NA,NA,0,1,1,NA,NA,0
S2014,97,NA,NA,NA,NA,NA,1,1,1,NA,1,1,NA,NA,0,NA,NA,NA,1,NA,1,1,1,NA,1,NA,0,NA,NA,1,NA,NA,1,0,1,0,1,NA,NA,NA,NA,NA,1,NA,NA,NA,0,0,NA,NA,1,0,NA,NA,NA,NA,NA,NA,NA,NA,NA,NA,NA,NA,NA,NA,NA,NA,NA,NA,NA,NA,NA,NA,NA,NA,NA,NA,NA,NA,NA,NA,NA,1,0,0,NA,NA,0
S2014,98,NA,NA,NA,NA,NA,0,1,0,NA,1,0,NA,NA,1,NA,NA,NA,1,NA,1,1,1,NA,0,NA,1,NA,NA,1,NA,NA,1,1,1,0,1,NA,NA,NA,NA,NA,1,NA,NA,NA,1,1,NA,NA,1,1,NA,NA,NA,NA,NA,NA,NA,NA,NA,NA,NA,NA,NA,NA,NA,NA,NA,NA,NA,NA,NA,NA,NA,NA,NA,NA,NA,NA,NA,NA,NA,1,1,1,NA,NA,1
S2014,99,NA,NA,NA,NA,NA,0,1,1,NA,0,1,NA,NA,1,NA,NA,NA,0,NA,1,1,1,NA,1,NA,0,NA,NA,1,NA,NA,1,1,1,1,1,NA,NA,NA,NA,NA,1,NA,NA,NA,1,1,NA,NA,1,1,NA,NA,NA,NA,NA,NA,NA,NA,NA,NA,NA,NA,NA,NA,NA,NA,NA,NA,NA,NA,NA,NA,NA,NA,NA,NA,NA,NA,NA,NA,NA,1,1,1,NA,NA,1
S2014,100,NA,NA,NA,NA,NA,1,1,1,NA,1,1,NA,NA,1,NA,NA,NA,1,NA,1,1,1,NA,1,NA,0,NA,NA,1,NA,NA,1,0,1,0,1,NA,NA,NA,NA,NA,1,NA,NA,NA,1,1,NA,NA,0,1,NA,NA,NA,NA,NA,NA,NA,NA,NA,NA,NA,NA,NA,NA,NA,NA,NA,NA,NA,NA,NA,NA,NA,NA,NA,NA,NA,NA,NA,NA,NA,0,0,1,NA,NA,1
S2014,101,NA,NA,NA,NA,NA,0,1,0,NA,0,0,NA,NA,0,NA,NA,NA,0,NA,1,1,1,NA,1,NA,0,NA,NA,1,NA,NA,1,0,1,0,0,NA,NA,NA,NA,NA,1,NA,NA,NA,1,1,NA,NA,0,1,NA,NA,NA,NA,NA,NA,NA,NA,NA,NA,NA,NA,NA,NA,NA,NA,NA,NA,NA,NA,NA,NA,NA,NA,NA,NA,NA,NA,NA,NA,NA,1,1,1,NA,NA,1
S2014,102,NA,NA,NA,NA,NA,0,0,0,NA,0,0,NA,NA,1,NA,NA,NA,1,NA,1,1,1,NA,1,NA,1,NA,NA,1,NA,NA,1,0,0,1,1,NA,NA,NA,NA,NA,1,NA,NA,NA,1,1,NA,NA,1,1,NA,NA,NA,NA,NA,NA,NA,NA,NA,NA,NA,NA,NA,NA,NA,NA,NA,NA,NA,NA,NA,NA,NA,NA,NA,NA,NA,NA,NA,NA,NA,1,1,1,NA,NA,1
S2014,103,NA,NA,NA,NA,NA,1,1,1,NA,1,0,NA,NA,0,NA,NA,NA,0,NA,1,1,1,NA,1,NA,0,NA,NA,1,NA,NA,1,1,0,1,0,NA,NA,NA,NA,NA,0,NA,NA,NA,1,1,NA,NA,1,0,NA,NA,NA,NA,NA,NA,NA,NA,NA,NA,NA,NA,NA,NA,NA,NA,NA,NA,NA,NA,NA,NA,NA,NA,NA,NA,NA,NA,NA,NA,NA,1,1,1,NA,NA,1
S2014,104,NA,NA,NA,NA,NA,1,1,1,NA,1,1,NA,NA,1,NA,NA,NA,1,NA,1,1,1,NA,1,NA,0,NA,NA,0,NA,NA,1,0,1,1,0,NA,NA,NA,NA,NA,1,NA,NA,NA,0,1,NA,NA,0,1,NA,NA,NA,NA,NA,NA,NA,NA,NA,NA,NA,NA,NA,NA,NA,NA,NA,NA,NA,NA,NA,NA,NA,NA,NA,NA,NA,NA,NA,NA,NA,0,0,1,NA,NA,1
S2014,105,NA,NA,NA,NA,NA,0,1,1,NA,0,1,NA,NA,1,NA,NA,NA,0,NA,0,0,1,NA,1,NA,1,NA,NA,1,NA,NA,1,1,1,0,1,NA,NA,NA,NA,NA,1,NA,NA,NA,1,0,NA,NA,1,1,NA,NA,NA,NA,NA,NA,NA,NA,NA,NA,NA,NA,NA,NA,NA,NA,NA,NA,NA,NA,NA,NA,NA,NA,NA,NA,NA,NA,NA,NA,NA,0,0,1,NA,NA,1
C2014,106,NA,1,1,1,NA,NA,NA,1,1,NA,1,1,NA,1,1,1,1,NA,NA,NA,1,0,1,1,0,NA,NA,0,NA,1,NA,1,NA,1,0,1,NA,NA,NA,NA,1,0,1,1,1,0,0,0,NA,NA,NA,NA,NA,NA,NA,NA,NA,NA,NA,NA,NA,NA,NA,1,1,NA,0,NA,0,1,1,NA,1,NA,NA,NA,NA,1,NA,0,NA,NA,0,0,0,0,1,0
C2014,107,NA,0,1,1,NA,NA,NA,0,0,NA,1,1,NA,1,1,0,1,NA,NA,NA,1,1,1,1,1,NA,NA,0,NA,1,NA,1,NA,1,0,1,NA,NA,NA,NA,1,0,1,1,0,1,1,1,NA,NA,NA,NA,NA,NA,NA,NA,NA,NA,NA,NA,NA,NA,NA,1,0,NA,0,NA,1,1,1,NA,1,NA,NA,NA,NA,0,NA,1,NA,NA,0,0,1,0,0,1
C2014,108,NA,1,1,1,NA,NA,NA,0,1,NA,0,0,NA,1,0,0,1,NA,NA,NA,0,1,0,1,1,NA,NA,1,NA,1,NA,1,NA,0,0,1,NA,NA,NA,NA,0,0,0,0,1,1,0,1,NA,NA,NA,NA,NA,NA,NA,NA,NA,NA,NA,NA,NA,NA,NA,0,0,NA,1,NA,1,1,0,NA,0,NA,NA,NA,NA,0,NA,0,NA,NA,0,1,1,0,0,0
C2014,109,NA,0,1,1,NA,NA,NA,1,1,NA,1,1,NA,1,1,1,1,NA,NA,NA,1,0,1,1,0,NA,NA,0,NA,1,NA,1,NA,1,0,1,NA,NA,NA,NA,1,1,1,1,1,0,0,0,NA,NA,NA,NA,NA,NA,NA,NA,NA,NA,NA,NA,NA,NA,NA,1,0,NA,1,NA,1,1,1,NA,1,NA,NA,NA,NA,1,NA,0,NA,NA,1,1,1,1,1,1
C2014,110,NA,0,1,1,NA,NA,NA,0,1,NA,0,1,NA,1,1,1,1,NA,NA,NA,1,0,1,1,1,NA,NA,0,NA,1,NA,1,NA,1,0,1,NA,NA,NA,NA,1,1,1,1,1,1,1,1,NA,NA,NA,NA,NA,NA,NA,NA,NA,NA,NA,NA,NA,NA,NA,1,0,NA,1,NA,0,1,1,NA,1,NA,NA,NA,NA,0,NA,1,NA,NA,1,1,1,1,1,1
C2014,111,NA,1,1,1,NA,NA,NA,0,0,NA,0,0,NA,1,1,1,1,NA,NA,NA,1,0,0,1,0,NA,NA,1,NA,1,NA,1,NA,0,0,1,NA,NA,NA,NA,0,1,1,1,1,1,1,1,NA,NA,NA,NA,NA,NA,NA,NA,NA,NA,NA,NA,NA,NA,NA,1,0,NA,1,NA,1,0,1,NA,1,NA,NA,NA,NA,1,NA,0,NA,NA,1,1,1,0,1,1
C2014,112,NA,0,1,1,NA,NA,NA,1,0,NA,1,1,NA,1,1,1,1,NA,NA,NA,1,1,1,0,1,NA,NA,1,NA,1,NA,1,NA,0,0,1,NA,NA,NA,NA,0,1,1,0,0,1,1,0,NA,NA,NA,NA,NA,NA,NA,NA,NA,NA,NA,NA,NA,NA,NA,0,0,NA,1,NA,0,0,1,NA,1,NA,NA,NA,NA,0,NA,0,NA,NA,1,1,1,0,0,1
C2014,113,NA,0,1,1,NA,NA,NA,0,1,NA,1,1,NA,1,1,0,1,NA,NA,NA,1,0,0,1,1,NA,NA,0,NA,1,NA,1,NA,1,0,1,NA,NA,NA,NA,0,1,1,1,1,1,0,0,NA,NA,NA,NA,NA,NA,NA,NA,NA,NA,NA,NA,NA,NA,NA,1,1,NA,0,NA,0,1,1,NA,1,NA,NA,NA,NA,1,NA,1,NA,NA,1,1,1,1,1,1
C2014,114,NA,1,1,0,NA,NA,NA,1,0,NA,1,1,NA,0,1,1,1,NA,NA,NA,1,1,1,1,1,NA,NA,0,NA,0,NA,1,NA,1,1,1,NA,NA,NA,NA,1,1,1,1,1,1,1,1,NA,NA,NA,NA,NA,NA,NA,NA,NA,NA,NA,NA,NA,NA,NA,1,1,NA,0,NA,0,1,1,NA,0,NA,NA,NA,NA,0,NA,0,NA,NA,1,1,1,0,0,0
C2014,115,NA,1,1,1,NA,NA,NA,0,0,NA,1,1,NA,0,1,1,1,NA,NA,NA,1,1,0,1,0,NA,NA,0,NA,0,NA,1,NA,1,1,1,NA,NA,NA,NA,1,1,0,1,0,1,1,1,NA,NA,NA,NA,NA,NA,NA,NA,NA,NA,NA,NA,NA,NA,NA,0,0,NA,1,NA,0,1,1,NA,1,NA,NA,NA,NA,1,NA,0,NA,NA,1,1,1,1,1,1
C2014,116,NA,0,1,1,NA,NA,NA,1,0,NA,1,1,NA,1,1,1,1,NA,NA,NA,1,0,1,1,1,NA,NA,0,NA,1,NA,0,NA,1,0,1,NA,NA,NA,NA,1,1,1,0,1,1,1,1,NA,NA,NA,NA,NA,NA,NA,NA,NA,NA,NA,NA,NA,NA,NA,1,1,NA,1,NA,1,1,1,NA,1,NA,NA,NA,NA,0,NA,1,NA,NA,1,1,0,0,0,0
C2014,117,NA,1,0,1,NA,NA,NA,1,1,NA,1,1,NA,0,1,0,1,NA,NA,NA,1,1,1,0,0,NA,NA,0,NA,1,NA,1,NA,1,1,1,NA,NA,NA,NA,1,1,0,1,1,0,0,1,NA,NA,NA,NA,NA,NA,NA,NA,NA,NA,NA,NA,NA,NA,NA,0,1,NA,1,NA,0,1,1,NA,0,NA,NA,NA,NA,1,NA,0,NA,NA,0,0,0,0,0,1
C2014,118,NA,1,0,1,NA,NA,NA,1,0,NA,1,1,NA,0,1,1,1,NA,NA,NA,0,0,1,0,1,NA,NA,0,NA,1,NA,1,NA,1,0,1,NA,NA,NA,NA,1,1,1,0,1,1,0,0,NA,NA,NA,NA,NA,NA,NA,NA,NA,NA,NA,NA,NA,NA,NA,1,0,NA,1,NA,1,1,1,NA,0,NA,NA,NA,NA,1,NA,0,NA,NA,1,1,1,1,1,0
C2014,119,NA,0,0,1,NA,NA,NA,1,1,NA,1,1,NA,1,1,1,1,NA,NA,NA,1,0,1,1,0,NA,NA,0,NA,1,NA,1,NA,1,1,1,NA,NA,NA,NA,1,1,1,1,1,0,0,0,NA,NA,NA,NA,NA,NA,NA,NA,NA,NA,NA,NA,NA,NA,NA,1,0,NA,1,NA,1,1,1,NA,1,NA,NA,NA,NA,1,NA,0,NA,NA,1,1,1,1,1,1
C2014,120,NA,0,0,1,NA,NA,NA,0,0,NA,1,1,NA,0,1,1,1,NA,NA,NA,0,0,1,1,0,NA,NA,1,NA,0,NA,1,NA,1,0,1,NA,NA,NA,NA,1,0,1,1,1,0,1,0,NA,NA,NA,NA,NA,NA,NA,NA,NA,NA,NA,NA,NA,NA,NA,0,0,NA,1,NA,1,1,0,NA,1,NA,NA,NA,NA,0,NA,0,NA,NA,0,0,1,0,0,0
C2014,121,NA,1,1,1,NA,NA,NA,0,1,NA,0,0,NA,1,1,0,1,NA,NA,NA,1,1,1,1,1,NA,NA,1,NA,1,NA,1,NA,1,0,1,NA,NA,NA,NA,1,0,1,0,0,0,1,1,NA,NA,NA,NA,NA,NA,NA,NA,NA,NA,NA,NA,NA,NA,NA,1,0,NA,1,NA,1,1,0,NA,1,NA,NA,NA,NA,1,NA,1,NA,NA,1,1,1,0,0,1
C2014,122,NA,0,1,1,NA,NA,NA,0,0,NA,1,1,NA,1,1,1,1,NA,NA,NA,1,1,0,1,1,NA,NA,1,NA,1,NA,1,NA,0,0,1,NA,NA,NA,NA,1,1,1,1,1,1,1,1,NA,NA,NA,NA,NA,NA,NA,NA,NA,NA,NA,NA,NA,NA,NA,1,1,NA,0,NA,0,1,1,NA,1,NA,NA,NA,NA,0,NA,1,NA,NA,1,1,1,0,0,1
C2014,123,NA,0,0,0,NA,NA,NA,0,0,NA,1,1,NA,0,1,1,1,NA,NA,NA,0,0,1,1,0,NA,NA,1,NA,0,NA,1,NA,1,0,1,NA,NA,NA,NA,1,0,1,1,1,0,1,0,NA,NA,NA,NA,NA,NA,NA,NA,NA,NA,NA,NA,NA,NA,NA,0,0,NA,1,NA,1,1,0,NA,1,NA,NA,NA,NA,0,NA,0,NA,NA,0,0,1,0,0,1
C2014,124,NA,1,1,1,NA,NA,NA,1,0,NA,0,1,NA,1,0,0,1,NA,NA,NA,1,1,1,1,1,NA,NA,0,NA,1,NA,1,NA,1,1,1,NA,NA,NA,NA,0,1,0,1,1,0,1,1,NA,NA,NA,NA,NA,NA,NA,NA,NA,NA,NA,NA,NA,NA,NA,0,0,NA,1,NA,1,1,1,NA,0,NA,NA,NA,NA,0,NA,1,NA,NA,1,1,1,0,0,1
C2014,125,NA,0,1,1,NA,NA,NA,1,0,NA,1,1,NA,1,1,1,1,NA,NA,NA,1,1,0,1,0,NA,NA,1,NA,1,NA,1,NA,1,0,1,NA,NA,NA,NA,0,1,1,1,0,1,1,1,NA,NA,NA,NA,NA,NA,NA,NA,NA,NA,NA,NA,NA,NA,NA,1,0,NA,0,NA,0,0,1,NA,1,NA,NA,NA,NA,0,NA,1,NA,NA,1,1,1,1,1,1
C2014,126,NA,1,1,1,NA,NA,NA,0,0,NA,0,0,NA,0,1,1,1,NA,NA,NA,1,0,1,1,1,NA,NA,1,NA,1,NA,1,NA,1,1,1,NA,NA,NA,NA,0,1,0,0,1,1,1,1,NA,NA,NA,NA,NA,NA,NA,NA,NA,NA,NA,NA,NA,NA,NA,0,1,NA,0,NA,0,1,0,NA,0,NA,NA,NA,NA,1,NA,1,NA,NA,1,1,1,1,1,1
C2014,127,NA,1,0,1,NA,NA,NA,1,0,NA,1,1,NA,0,1,1,1,NA,NA,NA,1,0,1,0,1,NA,NA,0,NA,1,NA,0,NA,0,1,1,NA,NA,NA,NA,1,1,1,1,0,1,1,1,NA,NA,NA,NA,NA,NA,NA,NA,NA,NA,NA,NA,NA,NA,NA,0,0,NA,1,NA,0,0,1,NA,1,NA,NA,NA,NA,0,NA,0,NA,NA,1,0,1,0,0,0
C2014,128,NA,0,1,1,NA,NA,NA,1,1,NA,1,0,NA,1,0,0,1,NA,NA,NA,1,1,1,1,1,NA,NA,1,NA,0,NA,1,NA,1,0,1,NA,NA,NA,NA,1,1,0,1,1,1,1,0,NA,NA,NA,NA,NA,NA,NA,NA,NA,NA,NA,NA,NA,NA,NA,1,1,NA,0,NA,1,1,0,NA,1,NA,NA,NA,NA,1,NA,0,NA,NA,1,1,1,0,0,1
C2014,129,NA,0,1,1,NA,NA,NA,1,0,NA,1,0,NA,1,0,1,1,NA,NA,NA,1,0,1,1,1,NA,NA,1,NA,1,NA,1,NA,1,1,1,NA,NA,NA,NA,1,1,1,1,1,1,1,1,NA,NA,NA,NA,NA,NA,NA,NA,NA,NA,NA,NA,NA,NA,NA,0,0,NA,1,NA,1,1,0,NA,0,NA,NA,NA,NA,0,NA,1,NA,NA,1,1,1,0,0,1
C2014,130,NA,1,0,1,NA,NA,NA,0,1,NA,0,1,NA,0,1,1,0,NA,NA,NA,1,0,1,1,0,NA,NA,0,NA,1,NA,0,NA,1,0,1,NA,NA,NA,NA,1,1,0,1,0,1,1,1,NA,NA,NA,NA,NA,NA,NA,NA,NA,NA,NA,NA,NA,NA,NA,1,1,NA,1,NA,1,1,1,NA,0,NA,NA,NA,NA,0,NA,1,NA,NA,1,1,0,1,0,1
C2014,131,NA,0,1,1,NA,NA,NA,1,1,NA,1,1,NA,1,1,0,1,NA,NA,NA,1,1,0,1,1,NA,NA,1,NA,1,NA,1,NA,1,1,1,NA,NA,NA,NA,1,1,1,1,1,0,1,0,NA,NA,NA,NA,NA,NA,NA,NA,NA,NA,NA,NA,NA,NA,NA,1,0,NA,1,NA,1,1,0,NA,1,NA,NA,NA,NA,0,NA,0,NA,NA,0,0,1,0,0,1
C2014,132,NA,1,1,1,NA,NA,NA,1,0,NA,1,1,NA,0,1,0,1,NA,NA,NA,1,1,1,1,1,NA,NA,0,NA,1,NA,0,NA,0,0,1,NA,NA,NA,NA,1,0,0,1,1,1,1,0,NA,NA,NA,NA,NA,NA,NA,NA,NA,NA,NA,NA,NA,NA,NA,0,1,NA,1,NA,0,0,0,NA,0,NA,NA,NA,NA,1,NA,0,NA,NA,1,1,1,1,1,1
C2014,133,NA,1,1,1,NA,NA,NA,0,1,NA,1,1,NA,1,1,0,1,NA,NA,NA,1,0,1,1,1,NA,NA,1,NA,1,NA,1,NA,0,0,1,NA,NA,NA,NA,1,0,0,1,1,0,0,1,NA,NA,NA,NA,NA,NA,NA,NA,NA,NA,NA,NA,NA,NA,NA,0,1,NA,1,NA,1,1,0,NA,1,NA,NA,NA,NA,0,NA,0,NA,NA,1,1,1,1,1,0
C2014,134,NA,1,0,1,NA,NA,NA,1,0,NA,1,0,NA,1,1,1,0,NA,NA,NA,1,0,0,1,0,NA,NA,1,NA,1,NA,1,NA,1,0,1,NA,NA,NA,NA,0,0,0,1,1,1,0,1,NA,NA,NA,NA,NA,NA,NA,NA,NA,NA,NA,NA,NA,NA,NA,1,1,NA,1,NA,1,1,1,NA,0,NA,NA,NA,NA,1,NA,1,NA,NA,1,1,1,1,1,1
C2014,135,NA,1,0,1,NA,NA,NA,0,1,NA,1,1,NA,1,1,1,1,NA,NA,NA,1,0,1,1,0,NA,NA,0,NA,1,NA,1,NA,0,1,1,NA,NA,NA,NA,1,1,1,1,1,1,1,1,NA,NA,NA,NA,NA,NA,NA,NA,NA,NA,NA,NA,NA,NA,NA,1,1,NA,1,NA,0,1,1,NA,0,NA,NA,NA,NA,1,NA,1,NA,NA,0,0,1,0,0,0
C2014,136,NA,1,0,1,NA,NA,NA,1,0,NA,1,0,NA,1,1,0,1,NA,NA,NA,1,1,1,0,1,NA,NA,1,NA,1,NA,1,NA,0,0,0,NA,NA,NA,NA,1,1,1,1,0,1,1,1,NA,NA,NA,NA,NA,NA,NA,NA,NA,NA,NA,NA,NA,NA,NA,1,0,NA,1,NA,1,1,0,NA,1,NA,NA,NA,NA,1,NA,1,NA,NA,1,1,1,1,1,1
C2014,137,NA,0,0,1,NA,NA,NA,0,1,NA,1,1,NA,0,1,0,1,NA,NA,NA,1,0,1,1,1,NA,NA,0,NA,1,NA,0,NA,0,1,0,NA,NA,NA,NA,1,1,1,1,1,0,1,0,NA,NA,NA,NA,NA,NA,NA,NA,NA,NA,NA,NA,NA,NA,NA,0,1,NA,1,NA,0,1,0,NA,0,NA,NA,NA,NA,1,NA,0,NA,NA,0,0,1,0,0,1
C2014,138,NA,1,0,1,NA,NA,NA,1,0,NA,0,1,NA,0,1,0,1,NA,NA,NA,1,1,1,1,1,NA,NA,1,NA,1,NA,0,NA,0,0,1,NA,NA,NA,NA,1,1,1,1,1,1,1,0,NA,NA,NA,NA,NA,NA,NA,NA,NA,NA,NA,NA,NA,NA,NA,0,1,NA,1,NA,0,1,0,NA,0,NA,NA,NA,NA,1,NA,0,NA,NA,0,0,1,0,0,1
C2014,139,NA,0,1,1,NA,NA,NA,1,0,NA,1,0,NA,1,1,0,1,NA,NA,NA,1,0,1,0,1,NA,NA,0,NA,1,NA,1,NA,1,1,1,NA,NA,NA,NA,1,0,0,1,0,1,1,1,NA,NA,NA,NA,NA,NA,NA,NA,NA,NA,NA,NA,NA,NA,NA,1,0,NA,1,NA,0,1,1,NA,0,NA,NA,NA,NA,0,NA,0,NA,NA,1,1,1,0,1,1
C2014,140,NA,1,1,1,NA,NA,NA,1,0,NA,1,1,NA,0,1,0,1,NA,NA,NA,0,1,1,1,1,NA,NA,0,NA,1,NA,0,NA,0,0,1,NA,NA,NA,NA,1,0,0,1,1,1,1,1,NA,NA,NA,NA,NA,NA,NA,NA,NA,NA,NA,NA,NA,NA,NA,0,1,NA,0,NA,1,1,1,NA,1,NA,NA,NA,NA,1,NA,0,NA,NA,1,1,1,1,1,1
C2014,141,NA,1,1,1,NA,NA,NA,1,1,NA,1,1,NA,1,1,0,1,NA,NA,NA,1,1,1,1,1,NA,NA,0,NA,1,NA,1,NA,1,1,1,NA,NA,NA,NA,1,1,1,0,0,1,1,0,NA,NA,NA,NA,NA,NA,NA,NA,NA,NA,NA,NA,NA,NA,NA,0,1,NA,1,NA,1,1,1,NA,1,NA,NA,NA,NA,0,NA,1,NA,NA,1,1,1,1,1,1
C2014,142,NA,1,1,1,NA,NA,NA,1,0,NA,1,1,NA,0,1,0,1,NA,NA,NA,1,1,1,1,1,NA,NA,0,NA,1,NA,0,NA,0,0,1,NA,NA,NA,NA,1,1,0,1,1,1,0,0,NA,NA,NA,NA,NA,NA,NA,NA,NA,NA,NA,NA,NA,NA,NA,1,0,NA,1,NA,0,1,0,NA,0,NA,NA,NA,NA,1,NA,0,NA,NA,0,0,1,0,0,1
C2014,143,NA,0,0,1,NA,NA,NA,1,0,NA,1,1,NA,0,1,0,1,NA,NA,NA,1,1,1,1,1,NA,NA,0,NA,1,NA,0,NA,0,0,1,NA,NA,NA,NA,1,0,0,1,1,0,0,0,NA,NA,NA,NA,NA,NA,NA,NA,NA,NA,NA,NA,NA,NA,NA,0,1,NA,0,NA,0,1,0,NA,0,NA,NA,NA,NA,1,NA,1,NA,NA,0,0,1,0,0,0
C2014,144,NA,1,1,1,NA,NA,NA,1,0,NA,1,1,NA,0,1,0,1,NA,NA,NA,1,1,1,1,1,NA,NA,0,NA,1,NA,0,NA,0,0,1,NA,NA,NA,NA,1,0,0,1,0,0,1,1,NA,NA,NA,NA,NA,NA,NA,NA,NA,NA,NA,NA,NA,NA,NA,1,1,NA,0,NA,1,1,0,NA,0,NA,NA,NA,NA,0,NA,1,NA,NA,1,1,1,1,1,0
C2014,145,NA,0,1,1,NA,NA,NA,1,1,NA,1,1,NA,1,1,1,1,NA,NA,NA,1,0,1,1,1,NA,NA,1,NA,0,NA,1,NA,1,0,1,NA,NA,NA,NA,0,1,1,1,1,1,1,1,NA,NA,NA,NA,NA,NA,NA,NA,NA,NA,NA,NA,NA,NA,NA,1,0,NA,1,NA,1,0,1,NA,1,NA,NA,NA,NA,0,NA,0,NA,NA,1,1,1,1,1,0
C2014,146,NA,1,1,1,NA,NA,NA,1,0,NA,1,1,NA,0,1,0,1,NA,NA,NA,1,1,1,1,1,NA,NA,0,NA,1,NA,0,NA,0,0,1,NA,NA,NA,NA,1,0,0,1,1,1,0,0,NA,NA,NA,NA,NA,NA,NA,NA,NA,NA,NA,NA,NA,NA,NA,0,0,NA,1,NA,0,1,0,NA,0,NA,NA,NA,NA,1,NA,0,NA,NA,0,0,1,0,0,1
C2014,147,NA,1,0,1,NA,NA,NA,1,0,NA,1,1,NA,1,1,1,1,NA,NA,NA,1,0,1,1,0,NA,NA,1,NA,1,NA,1,NA,1,0,1,NA,NA,NA,NA,1,1,0,1,0,1,1,1,NA,NA,NA,NA,NA,NA,NA,NA,NA,NA,NA,NA,NA,NA,NA,1,0,NA,1,NA,0,0,1,NA,1,NA,NA,NA,NA,1,NA,0,NA,NA,1,1,1,0,0,1
C2014,148,NA,0,1,1,NA,NA,NA,0,0,NA,0,1,NA,1,0,0,1,NA,NA,NA,1,1,1,1,0,NA,NA,1,NA,1,NA,1,NA,1,0,1,NA,NA,NA,NA,1,1,0,1,0,0,0,1,NA,NA,NA,NA,NA,NA,NA,NA,NA,NA,NA,NA,NA,NA,NA,1,0,NA,1,NA,0,0,1,NA,0,NA,NA,NA,NA,0,NA,0,NA,NA,0,0,1,0,0,1
C2014,149,NA,0,1,1,NA,NA,NA,0,0,NA,0,1,NA,0,1,1,1,NA,NA,NA,1,0,1,1,0,NA,NA,1,NA,0,NA,1,NA,0,0,0,NA,NA,NA,NA,1,1,0,1,1,0,1,0,NA,NA,NA,NA,NA,NA,NA,NA,NA,NA,NA,NA,NA,NA,NA,1,1,NA,0,NA,1,1,1,NA,0,NA,NA,NA,NA,0,NA,1,NA,NA,1,1,0,0,0,0
C2014,150,NA,0,0,1,NA,NA,NA,1,1,NA,1,1,NA,1,1,0,1,NA,NA,NA,1,0,1,1,0,NA,NA,0,NA,1,NA,1,NA,1,0,1,NA,NA,NA,NA,1,1,1,0,0,1,0,1,NA,NA,NA,NA,NA,NA,NA,NA,NA,NA,NA,NA,NA,NA,NA,1,1,NA,1,NA,1,0,0,NA,0,NA,NA,NA,NA,0,NA,1,NA,NA,1,1,0,1,1,1
C2014,151,NA,1,1,1,NA,NA,NA,1,1,NA,1,1,NA,1,1,1,0,NA,NA,NA,1,1,1,1,1,NA,NA,0,NA,1,NA,1,NA,1,0,1,NA,NA,NA,NA,1,1,1,1,0,1,1,1,NA,NA,NA,NA,NA,NA,NA,NA,NA,NA,NA,NA,NA,NA,NA,1,0,NA,0,NA,0,1,1,NA,1,NA,NA,NA,NA,0,NA,0,NA,NA,0,0,1,0,0,1
C2014,152,NA,0,1,1,NA,NA,NA,1,1,NA,1,1,NA,1,1,1,1,NA,NA,NA,1,0,1,1,1,NA,NA,1,NA,1,NA,1,NA,1,1,1,NA,NA,NA,NA,1,1,1,1,1,1,1,1,NA,NA,NA,NA,NA,NA,NA,NA,NA,NA,NA,NA,NA,NA,NA,1,1,NA,0,NA,0,1,1,NA,1,NA,NA,NA,NA,1,NA,0,NA,NA,1,1,1,1,1,1
S2015,153,1,1,NA,0,0,1,NA,1,NA,1,NA,1,NA,1,NA,0,NA,1,NA,NA,NA,1,1,1,NA,NA,0,NA,1,NA,NA,1,NA,NA,1,1,1,NA,NA,NA,NA,1,NA,0,NA,NA,1,NA,1,0,NA,NA,NA,1,1,NA,NA,NA,NA,NA,NA,1,NA,1,1,0,NA,NA,1,NA,1,NA,1,1,NA,NA,1,NA,NA,1,0,0,1,1,NA,1,1,0
S2014,154,NA,NA,NA,NA,NA,0,0,0,NA,0,0,NA,NA,0,NA,NA,NA,0,NA,1,1,0,NA,1,NA,1,NA,NA,1,NA,NA,1,1,1,1,1,NA,NA,NA,NA,NA,1,NA,NA,NA,0,1,NA,NA,1,0,NA,NA,NA,NA,NA,NA,NA,NA,NA,NA,NA,NA,NA,NA,NA,NA,NA,NA,NA,NA,NA,NA,NA,NA,NA,NA,NA,NA,NA,NA,NA,1,0,1,NA,NA,1
S2014,155,NA,NA,NA,NA,NA,0,1,1,NA,1,1,NA,NA,1,NA,NA,NA,1,NA,0,1,1,NA,1,NA,1,NA,NA,1,NA,NA,1,1,1,0,1,NA,NA,NA,NA,NA,1,NA,NA,NA,1,0,NA,NA,1,1,NA,NA,NA,NA,NA,NA,NA,NA,NA,NA,NA,NA,NA,NA,NA,NA,NA,NA,NA,NA,NA,NA,NA,NA,NA,NA,NA,NA,NA,NA,NA,1,1,1,NA,NA,0
S2014,156,NA,NA,NA,NA,NA,1,1,0,NA,1,0,NA,NA,1,NA,NA,NA,1,NA,1,1,0,NA,1,NA,1,NA,NA,1,NA,NA,1,1,1,0,1,NA,NA,NA,NA,NA,1,NA,NA,NA,1,1,NA,NA,0,1,NA,NA,NA,NA,NA,NA,NA,NA,NA,NA,NA,NA,NA,NA,NA,NA,NA,NA,NA,NA,NA,NA,NA,NA,NA,NA,NA,NA,NA,NA,NA,0,0,1,NA,NA,1
S2014,157,NA,NA,NA,NA,NA,1,1,1,NA,1,1,NA,NA,1,NA,NA,NA,1,NA,1,1,0,NA,1,NA,0,NA,NA,1,NA,NA,1,0,1,0,1,NA,NA,NA,NA,NA,0,NA,NA,NA,1,1,NA,NA,1,1,NA,NA,NA,NA,NA,NA,NA,NA,NA,NA,NA,NA,NA,NA,NA,NA,NA,NA,NA,NA,NA,NA,NA,NA,NA,NA,NA,NA,NA,NA,NA,0,0,1,NA,NA,0
S2014,158,NA,NA,NA,NA,NA,0,1,1,NA,1,0,NA,NA,1,NA,NA,NA,0,NA,1,0,0,NA,1,NA,0,NA,NA,1,NA,NA,1,1,0,0,1,NA,NA,NA,NA,NA,1,NA,NA,NA,0,1,NA,NA,1,1,NA,NA,NA,NA,NA,NA,NA,NA,NA,NA,NA,NA,NA,NA,NA,NA,NA,NA,NA,NA,NA,NA,NA,NA,NA,NA,NA,NA,NA,NA,NA,0,0,1,NA,NA,0
S2014,159,NA,NA,NA,NA,NA,0,0,1,NA,0,1,NA,NA,0,NA,NA,NA,0,NA,1,1,0,NA,1,NA,1,NA,NA,1,NA,NA,1,1,1,1,0,NA,NA,NA,NA,NA,1,NA,NA,NA,0,0,NA,NA,1,1,NA,NA,NA,NA,NA,NA,NA,NA,NA,NA,NA,NA,NA,NA,NA,NA,NA,NA,NA,NA,NA,NA,NA,NA,NA,NA,NA,NA,NA,NA,NA,1,0,1,NA,NA,1
S2014,160,NA,NA,NA,NA,NA,1,1,1,NA,0,1,NA,NA,1,NA,NA,NA,1,NA,1,1,0,NA,1,NA,1,NA,NA,1,NA,NA,1,1,1,1,1,NA,NA,NA,NA,NA,0,NA,NA,NA,0,0,NA,NA,1,0,NA,NA,NA,NA,NA,NA,NA,NA,NA,NA,NA,NA,NA,NA,NA,NA,NA,NA,NA,NA,NA,NA,NA,NA,NA,NA,NA,NA,NA,NA,NA,1,1,1,NA,NA,0
S2014,161,NA,NA,NA,NA,NA,0,1,0,NA,0,0,NA,NA,1,NA,NA,NA,0,NA,1,1,0,NA,1,NA,0,NA,NA,1,NA,NA,1,1,1,0,0,NA,NA,NA,NA,NA,1,NA,NA,NA,0,1,NA,NA,1,0,NA,NA,NA,NA,NA,NA,NA,NA,NA,NA,NA,NA,NA,NA,NA,NA,NA,NA,NA,NA,NA,NA,NA,NA,NA,NA,NA,NA,NA,NA,NA,1,0,1,NA,NA,1
S2014,162,NA,NA,NA,NA,NA,0,1,1,NA,0,1,NA,NA,1,NA,NA,NA,0,NA,1,1,1,NA,1,NA,1,NA,NA,1,NA,NA,1,0,1,1,1,NA,NA,NA,NA,NA,0,NA,NA,NA,1,1,NA,NA,1,1,NA,NA,NA,NA,NA,NA,NA,NA,NA,NA,NA,NA,NA,NA,NA,NA,NA,NA,NA,NA,NA,NA,NA,NA,NA,NA,NA,NA,NA,NA,NA,1,1,1,NA,NA,1
S2014,163,NA,NA,NA,NA,NA,1,1,1,NA,0,1,NA,NA,1,NA,NA,NA,1,NA,1,1,1,NA,0,NA,1,NA,NA,1,NA,NA,1,1,1,1,1,NA,NA,NA,NA,NA,1,NA,NA,NA,1,1,NA,NA,0,1,NA,NA,NA,NA,NA,NA,NA,NA,NA,NA,NA,NA,NA,NA,NA,NA,NA,NA,NA,NA,NA,NA,NA,NA,NA,NA,NA,NA,NA,NA,NA,1,1,1,NA,NA,1
S2014,164,NA,NA,NA,NA,NA,1,1,1,NA,0,0,NA,NA,0,NA,NA,NA,1,NA,1,1,1,NA,1,NA,0,NA,NA,1,NA,NA,1,1,1,1,1,NA,NA,NA,NA,NA,1,NA,NA,NA,1,1,NA,NA,0,0,NA,NA,NA,NA,NA,NA,NA,NA,NA,NA,NA,NA,NA,NA,NA,NA,NA,NA,NA,NA,NA,NA,NA,NA,NA,NA,NA,NA,NA,NA,NA,0,0,1,NA,NA,1
S2014,165,NA,NA,NA,NA,NA,1,1,1,NA,1,1,NA,NA,1,NA,NA,NA,1,NA,1,1,0,NA,0,NA,1,NA,NA,1,NA,NA,1,1,1,0,1,NA,NA,NA,NA,NA,1,NA,NA,NA,0,1,NA,NA,1,0,NA,NA,NA,NA,NA,NA,NA,NA,NA,NA,NA,NA,NA,NA,NA,NA,NA,NA,NA,NA,NA,NA,NA,NA,NA,NA,NA,NA,NA,NA,NA,1,1,1,NA,NA,1
S2014,166,NA,NA,NA,NA,NA,1,1,1,NA,0,0,NA,NA,1,NA,NA,NA,0,NA,1,0,1,NA,1,NA,1,NA,NA,1,NA,NA,1,1,1,0,1,NA,NA,NA,NA,NA,0,NA,NA,NA,0,1,NA,NA,0,1,NA,NA,NA,NA,NA,NA,NA,NA,NA,NA,NA,NA,NA,NA,NA,NA,NA,NA,NA,NA,NA,NA,NA,NA,NA,NA,NA,NA,NA,NA,NA,1,0,1,NA,NA,1
S2014,167,NA,NA,NA,NA,NA,1,1,1,NA,0,1,NA,NA,0,NA,NA,NA,1,NA,1,1,0,NA,1,NA,0,NA,NA,1,NA,NA,0,1,0,1,0,NA,NA,NA,NA,NA,1,NA,NA,NA,0,0,NA,NA,1,0,NA,NA,NA,NA,NA,NA,NA,NA,NA,NA,NA,NA,NA,NA,NA,NA,NA,NA,NA,NA,NA,NA,NA,NA,NA,NA,NA,NA,NA,NA,NA,1,1,1,NA,NA,1
S2014,168,NA,NA,NA,NA,NA,0,1,1,NA,1,1,NA,NA,1,NA,NA,NA,0,NA,1,0,1,NA,1,NA,0,NA,NA,1,NA,NA,1,0,1,0,1,NA,NA,NA,NA,NA,0,NA,NA,NA,1,1,NA,NA,1,1,NA,NA,NA,NA,NA,NA,NA,NA,NA,NA,NA,NA,NA,NA,NA,NA,NA,NA,NA,NA,NA,NA,NA,NA,NA,NA,NA,NA,NA,NA,NA,1,1,0,NA,NA,1
S2014,169,NA,NA,NA,NA,NA,0,1,1,NA,1,0,NA,NA,1,NA,NA,NA,1,NA,0,0,0,NA,0,NA,1,NA,NA,0,NA,NA,1,0,1,0,1,NA,NA,NA,NA,NA,0,NA,NA,NA,0,0,NA,NA,0,0,NA,NA,NA,NA,NA,NA,NA,NA,NA,NA,NA,NA,NA,NA,NA,NA,NA,NA,NA,NA,NA,NA,NA,NA,NA,NA,NA,NA,NA,NA,NA,1,0,1,NA,NA,0
S2014,170,NA,NA,NA,NA,NA,1,1,1,NA,1,1,NA,NA,0,NA,NA,NA,1,NA,1,1,0,NA,0,NA,0,NA,NA,1,NA,NA,1,0,1,0,1,NA,NA,NA,NA,NA,1,NA,NA,NA,0,1,NA,NA,1,1,NA,NA,NA,NA,NA,NA,NA,NA,NA,NA,NA,NA,NA,NA,NA,NA,NA,NA,NA,NA,NA,NA,NA,NA,NA,NA,NA,NA,NA,NA,NA,0,0,1,NA,NA,1
S2014,171,NA,NA,NA,NA,NA,1,1,0,NA,1,0,NA,NA,1,NA,NA,NA,1,NA,0,0,0,NA,0,NA,1,NA,NA,1,NA,NA,1,0,1,1,1,NA,NA,NA,NA,NA,1,NA,NA,NA,0,0,NA,NA,1,1,NA,NA,NA,NA,NA,NA,NA,NA,NA,NA,NA,NA,NA,NA,NA,NA,NA,NA,NA,NA,NA,NA,NA,NA,NA,NA,NA,NA,NA,NA,NA,1,0,1,NA,NA,1
S2014,172,NA,NA,NA,NA,NA,1,1,1,NA,1,1,NA,NA,0,NA,NA,NA,1,NA,1,1,0,NA,1,NA,1,NA,NA,0,NA,NA,1,0,1,0,1,NA,NA,NA,NA,NA,0,NA,NA,NA,1,1,NA,NA,0,1,NA,NA,NA,NA,NA,NA,NA,NA,NA,NA,NA,NA,NA,NA,NA,NA,NA,NA,NA,NA,NA,NA,NA,NA,NA,NA,NA,NA,NA,NA,NA,0,0,1,NA,NA,1
S2014,173,NA,NA,NA,NA,NA,1,1,1,NA,1,1,NA,NA,1,NA,NA,NA,0,NA,1,0,0,NA,1,NA,0,NA,NA,1,NA,NA,1,1,1,1,1,NA,NA,NA,NA,NA,1,NA,NA,NA,0,1,NA,NA,1,1,NA,NA,NA,NA,NA,NA,NA,NA,NA,NA,NA,NA,NA,NA,NA,NA,NA,NA,NA,NA,NA,NA,NA,NA,NA,NA,NA,NA,NA,NA,NA,1,0,1,NA,NA,1
S2014,174,NA,NA,NA,NA,NA,1,1,1,NA,1,1,NA,NA,0,NA,NA,NA,0,NA,1,1,0,NA,0,NA,0,NA,NA,0,NA,NA,1,1,1,0,1,NA,NA,NA,NA,NA,1,NA,NA,NA,0,0,NA,NA,1,1,NA,NA,NA,NA,NA,NA,NA,NA,NA,NA,NA,NA,NA,NA,NA,NA,NA,NA,NA,NA,NA,NA,NA,NA,NA,NA,NA,NA,NA,NA,NA,1,1,0,NA,NA,1
S2014,175,NA,NA,NA,NA,NA,1,1,0,NA,1,0,NA,NA,1,NA,NA,NA,0,NA,1,1,1,NA,1,NA,1,NA,NA,1,NA,NA,1,1,0,0,1,NA,NA,NA,NA,NA,1,NA,NA,NA,0,0,NA,NA,1,0,NA,NA,NA,NA,NA,NA,NA,NA,NA,NA,NA,NA,NA,NA,NA,NA,NA,NA,NA,NA,NA,NA,NA,NA,NA,NA,NA,NA,NA,NA,NA,1,0,1,NA,NA,1
S2014,176,NA,NA,NA,NA,NA,1,1,0,NA,1,0,NA,NA,1,NA,NA,NA,1,NA,1,1,1,NA,1,NA,0,NA,NA,1,NA,NA,1,0,1,1,1,NA,NA,NA,NA,NA,1,NA,NA,NA,0,0,NA,NA,0,0,NA,NA,NA,NA,NA,NA,NA,NA,NA,NA,NA,NA,NA,NA,NA,NA,NA,NA,NA,NA,NA,NA,NA,NA,NA,NA,NA,NA,NA,NA,NA,1,0,0,NA,NA,0
S2014,177,NA,NA,NA,NA,NA,1,1,1,NA,1,1,NA,NA,1,NA,NA,NA,0,NA,1,1,0,NA,1,NA,1,NA,NA,1,NA,NA,1,0,1,0,1,NA,NA,NA,NA,NA,0,NA,NA,NA,0,1,NA,NA,1,1,NA,NA,NA,NA,NA,NA,NA,NA,NA,NA,NA,NA,NA,NA,NA,NA,NA,NA,NA,NA,NA,NA,NA,NA,NA,NA,NA,NA,NA,NA,NA,1,1,1,NA,NA,1
S2014,178,NA,NA,NA,NA,NA,1,1,0,NA,1,0,NA,NA,1,NA,NA,NA,0,NA,1,1,1,NA,1,NA,1,NA,NA,1,NA,NA,1,1,1,0,1,NA,NA,NA,NA,NA,1,NA,NA,NA,0,1,NA,NA,1,1,NA,NA,NA,NA,NA,NA,NA,NA,NA,NA,NA,NA,NA,NA,NA,NA,NA,NA,NA,NA,NA,NA,NA,NA,NA,NA,NA,NA,NA,NA,NA,1,0,1,NA,NA,1
S2014,179,NA,NA,NA,NA,NA,1,1,1,NA,1,0,NA,NA,1,NA,NA,NA,0,NA,1,0,0,NA,1,NA,1,NA,NA,1,NA,NA,1,0,1,1,0,NA,NA,NA,NA,NA,0,NA,NA,NA,1,0,NA,NA,1,0,NA,NA,NA,NA,NA,NA,NA,NA,NA,NA,NA,NA,NA,NA,NA,NA,NA,NA,NA,NA,NA,NA,NA,NA,NA,NA,NA,NA,NA,NA,NA,1,1,0,NA,NA,0
S2014,180,NA,NA,NA,NA,NA,1,1,1,NA,1,1,NA,NA,1,NA,NA,NA,1,NA,0,1,1,NA,1,NA,1,NA,NA,0,NA,NA,1,0,1,1,1,NA,NA,NA,NA,NA,1,NA,NA,NA,0,0,NA,NA,1,1,NA,NA,NA,NA,NA,NA,NA,NA,NA,NA,NA,NA,NA,NA,NA,NA,NA,NA,NA,NA,NA,NA,NA,NA,NA,NA,NA,NA,NA,NA,NA,1,1,1,NA,NA,1
S2014,181,NA,NA,NA,NA,NA,1,1,0,NA,0,0,NA,NA,0,NA,NA,NA,1,NA,1,1,1,NA,1,NA,1,NA,NA,1,NA,NA,1,1,1,0,1,NA,NA,NA,NA,NA,1,NA,NA,NA,0,1,NA,NA,1,1,NA,NA,NA,NA,NA,NA,NA,NA,NA,NA,NA,NA,NA,NA,NA,NA,NA,NA,NA,NA,NA,NA,NA,NA,NA,NA,NA,NA,NA,NA,NA,1,0,1,NA,NA,1
S2014,182,NA,NA,NA,NA,NA,1,1,1,NA,1,1,NA,NA,0,NA,NA,NA,1,NA,1,1,1,NA,1,NA,0,NA,NA,1,NA,NA,1,0,1,0,1,NA,NA,NA,NA,NA,1,NA,NA,NA,0,0,NA,NA,1,0,NA,NA,NA,NA,NA,NA,NA,NA,NA,NA,NA,NA,NA,NA,NA,NA,NA,NA,NA,NA,NA,NA,NA,NA,NA,NA,NA,NA,NA,NA,NA,1,0,1,NA,NA,1
S2014,183,NA,NA,NA,NA,NA,0,1,1,NA,0,1,NA,NA,1,NA,NA,NA,0,NA,1,1,1,NA,1,NA,0,NA,NA,1,NA,NA,1,1,1,1,1,NA,NA,NA,NA,NA,1,NA,NA,NA,1,1,NA,NA,0,1,NA,NA,NA,NA,NA,NA,NA,NA,NA,NA,NA,NA,NA,NA,NA,NA,NA,NA,NA,NA,NA,NA,NA,NA,NA,NA,NA,NA,NA,NA,NA,0,1,0,NA,NA,1
S2014,184,NA,NA,NA,NA,NA,0,0,0,NA,1,1,NA,NA,0,NA,NA,NA,0,NA,1,1,0,NA,1,NA,1,NA,NA,1,NA,NA,1,0,0,0,1,NA,NA,NA,NA,NA,0,NA,NA,NA,1,0,NA,NA,1,1,NA,NA,NA,NA,NA,NA,NA,NA,NA,NA,NA,NA,NA,NA,NA,NA,NA,NA,NA,NA,NA,NA,NA,NA,NA,NA,NA,NA,NA,NA,NA,1,0,1,NA,NA,1
S2014,185,NA,NA,NA,NA,NA,0,0,1,NA,0,0,NA,NA,0,NA,NA,NA,0,NA,1,0,1,NA,1,NA,1,NA,NA,1,NA,NA,1,1,1,0,1,NA,NA,NA,NA,NA,0,NA,NA,NA,0,1,NA,NA,0,1,NA,NA,NA,NA,NA,NA,NA,NA,NA,NA,NA,NA,NA,NA,NA,NA,NA,NA,NA,NA,NA,NA,NA,NA,NA,NA,NA,NA,NA,NA,NA,1,0,0,NA,NA,1
S2014,186,NA,NA,NA,NA,NA,1,1,1,NA,1,1,NA,NA,1,NA,NA,NA,1,NA,1,1,0,NA,1,NA,1,NA,NA,0,NA,NA,1,0,1,1,1,NA,NA,NA,NA,NA,1,NA,NA,NA,1,1,NA,NA,1,1,NA,NA,NA,NA,NA,NA,NA,NA,NA,NA,NA,NA,NA,NA,NA,NA,NA,NA,NA,NA,NA,NA,NA,NA,NA,NA,NA,NA,NA,NA,NA,1,1,1,NA,NA,1
S2014,187,NA,NA,NA,NA,NA,1,1,1,NA,1,1,NA,NA,0,NA,NA,NA,1,NA,1,1,1,NA,1,NA,1,NA,NA,1,NA,NA,1,1,1,0,1,NA,NA,NA,NA,NA,1,NA,NA,NA,1,1,NA,NA,0,1,NA,NA,NA,NA,NA,NA,NA,NA,NA,NA,NA,NA,NA,NA,NA,NA,NA,NA,NA,NA,NA,NA,NA,NA,NA,NA,NA,NA,NA,NA,NA,0,0,1,NA,NA,1
S2014,188,NA,NA,NA,NA,NA,0,1,1,NA,1,0,NA,NA,0,NA,NA,NA,1,NA,1,1,1,NA,1,NA,0,NA,NA,0,NA,NA,1,0,1,1,1,NA,NA,NA,NA,NA,1,NA,NA,NA,1,1,NA,NA,1,1,NA,NA,NA,NA,NA,NA,NA,NA,NA,NA,NA,NA,NA,NA,NA,NA,NA,NA,NA,NA,NA,NA,NA,NA,NA,NA,NA,NA,NA,NA,NA,1,1,1,NA,NA,1
S2014,189,NA,NA,NA,NA,NA,1,1,1,NA,1,1,NA,NA,1,NA,NA,NA,1,NA,1,1,1,NA,1,NA,1,NA,NA,1,NA,NA,1,0,1,1,1,NA,NA,NA,NA,NA,0,NA,NA,NA,1,1,NA,NA,1,0,NA,NA,NA,NA,NA,NA,NA,NA,NA,NA,NA,NA,NA,NA,NA,NA,NA,NA,NA,NA,NA,NA,NA,NA,NA,NA,NA,NA,NA,NA,NA,0,0,1,NA,NA,1
S2014,190,NA,NA,NA,NA,NA,1,1,1,NA,1,1,NA,NA,0,NA,NA,NA,1,NA,1,0,0,NA,1,NA,0,NA,NA,0,NA,NA,1,1,1,1,1,NA,NA,NA,NA,NA,1,NA,NA,NA,1,1,NA,NA,1,1,NA,NA,NA,NA,NA,NA,NA,NA,NA,NA,NA,NA,NA,NA,NA,NA,NA,NA,NA,NA,NA,NA,NA,NA,NA,NA,NA,NA,NA,NA,NA,0,1,1,NA,NA,1
S2014,191,NA,NA,NA,NA,NA,1,1,1,NA,1,0,NA,NA,1,NA,NA,NA,1,NA,1,1,1,NA,1,NA,0,NA,NA,0,NA,NA,1,0,1,0,1,NA,NA,NA,NA,NA,1,NA,NA,NA,1,1,NA,NA,1,1,NA,NA,NA,NA,NA,NA,NA,NA,NA,NA,NA,NA,NA,NA,NA,NA,NA,NA,NA,NA,NA,NA,NA,NA,NA,NA,NA,NA,NA,NA,NA,1,1,1,NA,NA,1
S2014,192,NA,NA,NA,NA,NA,1,1,0,NA,0,0,NA,NA,1,NA,NA,NA,1,NA,0,1,1,NA,1,NA,1,NA,NA,0,NA,NA,0,0,1,0,1,NA,NA,NA,NA,NA,1,NA,NA,NA,1,0,NA,NA,1,0,NA,NA,NA,NA,NA,NA,NA,NA,NA,NA,NA,NA,NA,NA,NA,NA,NA,NA,NA,NA,NA,NA,NA,NA,NA,NA,NA,NA,NA,NA,NA,0,0,1,NA,NA,1
S2014,193,NA,NA,NA,NA,NA,1,1,0,NA,1,0,NA,NA,1,NA,NA,NA,0,NA,1,1,1,NA,1,NA,1,NA,NA,1,NA,NA,1,1,1,0,1,NA,NA,NA,NA,NA,0,NA,NA,NA,0,0,NA,NA,1,0,NA,NA,NA,NA,NA,NA,NA,NA,NA,NA,NA,NA,NA,NA,NA,NA,NA,NA,NA,NA,NA,NA,NA,NA,NA,NA,NA,NA,NA,NA,NA,0,1,1,NA,NA,0
S2014,194,NA,NA,NA,NA,NA,1,0,1,NA,1,1,NA,NA,1,NA,NA,NA,0,NA,1,1,1,NA,0,NA,0,NA,NA,1,NA,NA,0,1,0,1,0,NA,NA,NA,NA,NA,1,NA,NA,NA,1,1,NA,NA,0,0,NA,NA,NA,NA,NA,NA,NA,NA,NA,NA,NA,NA,NA,NA,NA,NA,NA,NA,NA,NA,NA,NA,NA,NA,NA,NA,NA,NA,NA,NA,NA,1,1,1,NA,NA,1
S2014,195,NA,NA,NA,NA,NA,1,1,1,NA,1,0,NA,NA,1,NA,NA,NA,1,NA,0,1,0,NA,1,NA,1,NA,NA,1,NA,NA,1,1,1,1,1,NA,NA,NA,NA,NA,1,NA,NA,NA,1,1,NA,NA,0,1,NA,NA,NA,NA,NA,NA,NA,NA,NA,NA,NA,NA,NA,NA,NA,NA,NA,NA,NA,NA,NA,NA,NA,NA,NA,NA,NA,NA,NA,NA,NA,0,0,1,NA,NA,1
S2014,196,NA,NA,NA,NA,NA,1,1,0,NA,1,1,NA,NA,1,NA,NA,NA,0,NA,1,1,0,NA,1,NA,1,NA,NA,1,NA,NA,1,0,1,0,1,NA,NA,NA,NA,NA,0,NA,NA,NA,1,1,NA,NA,1,1,NA,NA,NA,NA,NA,NA,NA,NA,NA,NA,NA,NA,NA,NA,NA,NA,NA,NA,NA,NA,NA,NA,NA,NA,NA,NA,NA,NA,NA,NA,NA,1,1,0,NA,NA,0
S2014,197,NA,NA,NA,NA,NA,1,1,0,NA,1,1,NA,NA,0,NA,NA,NA,1,NA,1,1,1,NA,1,NA,1,NA,NA,1,NA,NA,1,1,1,1,1,NA,NA,NA,NA,NA,1,NA,NA,NA,0,1,NA,NA,1,0,NA,NA,NA,NA,NA,NA,NA,NA,NA,NA,NA,NA,NA,NA,NA,NA,NA,NA,NA,NA,NA,NA,NA,NA,NA,NA,NA,NA,NA,NA,NA,0,0,0,NA,NA,1
S2014,198,NA,NA,NA,NA,NA,0,1,1,NA,1,1,NA,NA,1,NA,NA,NA,0,NA,1,1,1,NA,1,NA,0,NA,NA,0,NA,NA,1,0,1,1,1,NA,NA,NA,NA,NA,1,NA,NA,NA,0,1,NA,NA,1,1,NA,NA,NA,NA,NA,NA,NA,NA,NA,NA,NA,NA,NA,NA,NA,NA,NA,NA,NA,NA,NA,NA,NA,NA,NA,NA,NA,NA,NA,NA,NA,1,1,1,NA,NA,1
S2014,199,NA,NA,NA,NA,NA,1,1,0,NA,0,0,NA,NA,1,NA,NA,NA,1,NA,1,1,0,NA,1,NA,0,NA,NA,1,NA,NA,1,0,1,1,1,NA,NA,NA,NA,NA,0,NA,NA,NA,0,1,NA,NA,1,1,NA,NA,NA,NA,NA,NA,NA,NA,NA,NA,NA,NA,NA,NA,NA,NA,NA,NA,NA,NA,NA,NA,NA,NA,NA,NA,NA,NA,NA,NA,NA,1,0,0,NA,NA,1
S2014,200,NA,NA,NA,NA,NA,1,1,0,NA,0,0,NA,NA,1,NA,NA,NA,0,NA,1,1,0,NA,1,NA,1,NA,NA,1,NA,NA,1,1,0,1,0,NA,NA,NA,NA,NA,0,NA,NA,NA,0,1,NA,NA,0,1,NA,NA,NA,NA,NA,NA,NA,NA,NA,NA,NA,NA,NA,NA,NA,NA,NA,NA,NA,NA,NA,NA,NA,NA,NA,NA,NA,NA,NA,NA,NA,0,1,1,NA,NA,0
S2014,201,NA,NA,NA,NA,NA,1,1,1,NA,1,1,NA,NA,0,NA,NA,NA,0,NA,1,1,0,NA,1,NA,1,NA,NA,1,NA,NA,1,1,1,1,0,NA,NA,NA,NA,NA,1,NA,NA,NA,0,1,NA,NA,0,1,NA,NA,NA,NA,NA,NA,NA,NA,NA,NA,NA,NA,NA,NA,NA,NA,NA,NA,NA,NA,NA,NA,NA,NA,NA,NA,NA,NA,NA,NA,NA,0,0,1,NA,NA,0
S2014,202,NA,NA,NA,NA,NA,1,1,1,NA,1,0,NA,NA,1,NA,NA,NA,1,NA,1,1,0,NA,1,NA,1,NA,NA,1,NA,NA,1,1,1,1,1,NA,NA,NA,NA,NA,0,NA,NA,NA,0,1,NA,NA,0,1,NA,NA,NA,NA,NA,NA,NA,NA,NA,NA,NA,NA,NA,NA,NA,NA,NA,NA,NA,NA,NA,NA,NA,NA,NA,NA,NA,NA,NA,NA,NA,0,1,1,NA,NA,1
S2014,203,NA,NA,NA,NA,NA,1,1,1,NA,1,1,NA,NA,1,NA,NA,NA,1,NA,1,1,0,NA,1,NA,1,NA,NA,1,NA,NA,1,1,0,1,1,NA,NA,NA,NA,NA,1,NA,NA,NA,0,1,NA,NA,1,1,NA,NA,NA,NA,NA,NA,NA,NA,NA,NA,NA,NA,NA,NA,NA,NA,NA,NA,NA,NA,NA,NA,NA,NA,NA,NA,NA,NA,NA,NA,NA,1,1,1,NA,NA,1
S2014,204,NA,NA,NA,NA,NA,1,1,1,NA,0,1,NA,NA,0,NA,NA,NA,0,NA,1,1,0,NA,0,NA,1,NA,NA,1,NA,NA,1,1,1,1,1,NA,NA,NA,NA,NA,1,NA,NA,NA,1,1,NA,NA,1,0,NA,NA,NA,NA,NA,NA,NA,NA,NA,NA,NA,NA,NA,NA,NA,NA,NA,NA,NA,NA,NA,NA,NA,NA,NA,NA,NA,NA,NA,NA,NA,1,1,1,NA,NA,1
S2014,205,NA,NA,NA,NA,NA,0,1,1,NA,0,1,NA,NA,1,NA,NA,NA,1,NA,1,1,0,NA,1,NA,1,NA,NA,1,NA,NA,1,0,1,1,1,NA,NA,NA,NA,NA,1,NA,NA,NA,0,1,NA,NA,1,1,NA,NA,NA,NA,NA,NA,NA,NA,NA,NA,NA,NA,NA,NA,NA,NA,NA,NA,NA,NA,NA,NA,NA,NA,NA,NA,NA,NA,NA,NA,NA,1,1,1,NA,NA,1
S2014,206,NA,NA,NA,NA,NA,1,1,1,NA,0,1,NA,NA,1,NA,NA,NA,1,NA,1,0,0,NA,1,NA,1,NA,NA,1,NA,NA,1,0,1,1,1,NA,NA,NA,NA,NA,1,NA,NA,NA,0,0,NA,NA,1,1,NA,NA,NA,NA,NA,NA,NA,NA,NA,NA,NA,NA,NA,NA,NA,NA,NA,NA,NA,NA,NA,NA,NA,NA,NA,NA,NA,NA,NA,NA,NA,1,1,0,NA,NA,0
S2014,207,NA,NA,NA,NA,NA,1,1,1,NA,0,0,NA,NA,0,NA,NA,NA,0,NA,1,1,0,NA,1,NA,0,NA,NA,1,NA,NA,1,1,0,1,1,NA,NA,NA,NA,NA,1,NA,NA,NA,0,1,NA,NA,1,1,NA,NA,NA,NA,NA,NA,NA,NA,NA,NA,NA,NA,NA,NA,NA,NA,NA,NA,NA,NA,NA,NA,NA,NA,NA,NA,NA,NA,NA,NA,NA,0,0,1,NA,NA,1
S2014,208,NA,NA,NA,NA,NA,1,1,1,NA,0,1,NA,NA,1,NA,NA,NA,0,NA,0,0,0,NA,0,NA,1,NA,NA,0,NA,NA,1,1,1,0,0,NA,NA,NA,NA,NA,1,NA,NA,NA,0,1,NA,NA,1,1,NA,NA,NA,NA,NA,NA,NA,NA,NA,NA,NA,NA,NA,NA,NA,NA,NA,NA,NA,NA,NA,NA,NA,NA,NA,NA,NA,NA,NA,NA,NA,1,0,1,NA,NA,0
S2014,209,NA,NA,NA,NA,NA,1,0,0,NA,0,1,NA,NA,0,NA,NA,NA,0,NA,1,1,0,NA,0,NA,1,NA,NA,1,NA,NA,1,1,1,0,1,NA,NA,NA,NA,NA,0,NA,NA,NA,0,1,NA,NA,0,1,NA,NA,NA,NA,NA,NA,NA,NA,NA,NA,NA,NA,NA,NA,NA,NA,NA,NA,NA,NA,NA,NA,NA,NA,NA,NA,NA,NA,NA,NA,NA,1,0,0,NA,NA,1
S2014,210,NA,NA,NA,NA,NA,1,1,1,NA,0,1,NA,NA,1,NA,NA,NA,1,NA,1,1,1,NA,1,NA,1,NA,NA,0,NA,NA,1,1,1,0,1,NA,NA,NA,NA,NA,1,NA,NA,NA,0,1,NA,NA,1,0,NA,NA,NA,NA,NA,NA,NA,NA,NA,NA,NA,NA,NA,NA,NA,NA,NA,NA,NA,NA,NA,NA,NA,NA,NA,NA,NA,NA,NA,NA,NA,1,1,1,NA,NA,1
S2014,211,NA,NA,NA,NA,NA,0,1,1,NA,0,0,NA,NA,0,NA,NA,NA,1,NA,1,1,0,NA,1,NA,1,NA,NA,1,NA,NA,1,1,1,1,1,NA,NA,NA,NA,NA,0,NA,NA,NA,0,1,NA,NA,0,1,NA,NA,NA,NA,NA,NA,NA,NA,NA,NA,NA,NA,NA,NA,NA,NA,NA,NA,NA,NA,NA,NA,NA,NA,NA,NA,NA,NA,NA,NA,NA,1,1,1,NA,NA,1
S2014,212,NA,NA,NA,NA,NA,1,1,1,NA,1,0,NA,NA,1,NA,NA,NA,0,NA,1,1,0,NA,1,NA,1,NA,NA,1,NA,NA,1,0,0,1,0,NA,NA,NA,NA,NA,1,NA,NA,NA,1,0,NA,NA,1,1,NA,NA,NA,NA,NA,NA,NA,NA,NA,NA,NA,NA,NA,NA,NA,NA,NA,NA,NA,NA,NA,NA,NA,NA,NA,NA,NA,NA,NA,NA,NA,0,0,1,NA,NA,1
S2014,213,NA,NA,NA,NA,NA,1,1,1,NA,1,0,NA,NA,1,NA,NA,NA,1,NA,1,1,1,NA,1,NA,0,NA,NA,1,NA,NA,1,1,1,1,0,NA,NA,NA,NA,NA,0,NA,NA,NA,0,1,NA,NA,0,1,NA,NA,NA,NA,NA,NA,NA,NA,NA,NA,NA,NA,NA,NA,NA,NA,NA,NA,NA,NA,NA,NA,NA,NA,NA,NA,NA,NA,NA,NA,NA,1,1,0,NA,NA,0
S2014,214,NA,NA,NA,NA,NA,1,1,1,NA,0,1,NA,NA,1,NA,NA,NA,1,NA,1,1,0,NA,1,NA,0,NA,NA,1,NA,NA,1,1,0,1,1,NA,NA,NA,NA,NA,1,NA,NA,NA,1,1,NA,NA,1,1,NA,NA,NA,NA,NA,NA,NA,NA,NA,NA,NA,NA,NA,NA,NA,NA,NA,NA,NA,NA,NA,NA,NA,NA,NA,NA,NA,NA,NA,NA,NA,0,0,1,NA,NA,1
C2016,215,1,0,0,1,1,NA,NA,0,NA,1,NA,NA,NA,1,NA,NA,NA,NA,0,1,NA,0,NA,1,NA,NA,NA,0,1,NA,1,1,NA,0,0,1,NA,NA,NA,NA,NA,NA,NA,1,NA,NA,NA,0,NA,NA,NA,NA,NA,NA,NA,NA,NA,NA,NA,NA,NA,NA,NA,NA,NA,NA,NA,NA,NA,NA,NA,NA,NA,NA,NA,NA,NA,NA,NA,NA,NA,NA,0,0,NA,0,0,0
C2016,216,1,1,1,1,0,NA,NA,0,NA,0,NA,NA,NA,1,NA,NA,NA,NA,1,0,NA,1,NA,1,NA,NA,NA,0,1,NA,1,1,NA,0,1,1,NA,NA,NA,NA,NA,NA,NA,1,NA,NA,NA,0,NA,NA,NA,NA,NA,NA,NA,NA,NA,NA,NA,NA,NA,NA,NA,NA,NA,NA,NA,NA,NA,NA,NA,NA,NA,NA,NA,NA,NA,NA,NA,NA,NA,NA,0,0,NA,0,0,0
C2016,217,1,1,1,1,1,NA,NA,0,NA,0,NA,NA,NA,0,NA,NA,NA,NA,1,0,NA,0,NA,1,NA,NA,NA,1,1,NA,0,1,NA,1,1,1,NA,NA,NA,NA,NA,NA,NA,1,NA,NA,NA,1,NA,NA,NA,NA,NA,NA,NA,NA,NA,NA,NA,NA,NA,NA,NA,NA,NA,NA,NA,NA,NA,NA,NA,NA,NA,NA,NA,NA,NA,NA,NA,NA,NA,NA,0,0,NA,0,0,0
C2016,218,1,1,1,1,1,NA,NA,0,NA,0,NA,NA,NA,0,NA,NA,NA,NA,0,1,NA,1,NA,1,NA,NA,NA,1,0,NA,1,1,NA,1,1,0,NA,NA,NA,NA,NA,NA,NA,1,NA,NA,NA,0,NA,NA,NA,NA,NA,NA,NA,NA,NA,NA,NA,NA,NA,NA,NA,NA,NA,NA,NA,NA,NA,NA,NA,NA,NA,NA,NA,NA,NA,NA,NA,NA,NA,NA,0,0,NA,0,0,0
C2016,219,1,1,1,1,1,NA,NA,1,NA,0,NA,NA,NA,1,NA,NA,NA,NA,1,1,NA,1,NA,1,NA,NA,NA,0,1,NA,1,1,NA,1,0,1,NA,NA,NA,NA,NA,NA,NA,1,NA,NA,NA,1,NA,NA,NA,NA,NA,NA,NA,NA,NA,NA,NA,NA,NA,NA,NA,NA,NA,NA,NA,NA,NA,NA,NA,NA,NA,NA,NA,NA,NA,NA,NA,NA,NA,NA,1,1,NA,1,1,1
C2016,220,1,1,1,1,1,NA,NA,1,NA,1,NA,NA,NA,1,NA,NA,NA,NA,1,1,NA,1,NA,1,NA,NA,NA,1,1,NA,1,1,NA,1,0,1,NA,NA,NA,NA,NA,NA,NA,1,NA,NA,NA,1,NA,NA,NA,NA,NA,NA,NA,NA,NA,NA,NA,NA,NA,NA,NA,NA,NA,NA,NA,NA,NA,NA,NA,NA,NA,NA,NA,NA,NA,NA,NA,NA,NA,NA,1,1,NA,1,1,1
C2016,221,1,1,1,1,1,NA,NA,1,NA,0,NA,NA,NA,1,NA,NA,NA,NA,1,1,NA,0,NA,1,NA,NA,NA,0,0,NA,1,1,NA,0,1,0,NA,NA,NA,NA,NA,NA,NA,1,NA,NA,NA,0,NA,NA,NA,NA,NA,NA,NA,NA,NA,NA,NA,NA,NA,NA,NA,NA,NA,NA,NA,NA,NA,NA,NA,NA,NA,NA,NA,NA,NA,NA,NA,NA,NA,NA,0,0,NA,0,0,1
C2016,222,1,1,1,1,0,NA,NA,0,NA,0,NA,NA,NA,0,NA,NA,NA,NA,1,1,NA,1,NA,1,NA,NA,NA,0,1,NA,1,1,NA,0,1,0,NA,NA,NA,NA,NA,NA,NA,1,NA,NA,NA,1,NA,NA,NA,NA,NA,NA,NA,NA,NA,NA,NA,NA,NA,NA,NA,NA,NA,NA,NA,NA,NA,NA,NA,NA,NA,NA,NA,NA,NA,NA,NA,NA,NA,NA,0,0,NA,0,0,0
C2016,223,1,1,1,1,1,NA,NA,1,NA,1,NA,NA,NA,1,NA,NA,NA,NA,1,1,NA,1,NA,1,NA,NA,NA,0,1,NA,1,1,NA,1,0,1,NA,NA,NA,NA,NA,NA,NA,1,NA,NA,NA,1,NA,NA,NA,NA,NA,NA,NA,NA,NA,NA,NA,NA,NA,NA,NA,NA,NA,NA,NA,NA,NA,NA,NA,NA,NA,NA,NA,NA,NA,NA,NA,NA,NA,NA,1,1,NA,1,1,1
C2016,224,1,1,1,1,1,NA,NA,1,NA,0,NA,NA,NA,1,NA,NA,NA,NA,1,1,NA,1,NA,0,NA,NA,NA,0,1,NA,1,1,NA,1,0,1,NA,NA,NA,NA,NA,NA,NA,1,NA,NA,NA,0,NA,NA,NA,NA,NA,NA,NA,NA,NA,NA,NA,NA,NA,NA,NA,NA,NA,NA,NA,NA,NA,NA,NA,NA,NA,NA,NA,NA,NA,NA,NA,NA,NA,NA,1,1,NA,1,1,1
C2016,225,1,1,1,1,1,NA,NA,1,NA,0,NA,NA,NA,0,NA,NA,NA,NA,1,1,NA,1,NA,1,NA,NA,NA,1,1,NA,1,1,NA,0,0,1,NA,NA,NA,NA,NA,NA,NA,1,NA,NA,NA,0,NA,NA,NA,NA,NA,NA,NA,NA,NA,NA,NA,NA,NA,NA,NA,NA,NA,NA,NA,NA,NA,NA,NA,NA,NA,NA,NA,NA,NA,NA,NA,NA,NA,NA,0,0,NA,0,1,0
C2016,226,1,0,1,1,1,NA,NA,1,NA,0,NA,NA,NA,1,NA,NA,NA,NA,1,1,NA,1,NA,1,NA,NA,NA,0,0,NA,1,1,NA,1,1,0,NA,NA,NA,NA,NA,NA,NA,1,NA,NA,NA,1,NA,NA,NA,NA,NA,NA,NA,NA,NA,NA,NA,NA,NA,NA,NA,NA,NA,NA,NA,NA,NA,NA,NA,NA,NA,NA,NA,NA,NA,NA,NA,NA,NA,NA,1,1,NA,1,1,1
S2014,227,NA,NA,NA,NA,NA,1,1,1,NA,1,1,NA,NA,1,NA,NA,NA,1,NA,1,1,1,NA,1,NA,0,NA,NA,1,NA,NA,1,1,1,1,1,NA,NA,NA,NA,NA,0,NA,NA,NA,0,1,NA,NA,1,1,NA,NA,NA,NA,NA,NA,NA,NA,NA,NA,NA,NA,NA,NA,NA,NA,NA,NA,NA,NA,NA,NA,NA,NA,NA,NA,NA,NA,NA,NA,NA,1,1,1,NA,NA,1
S2014,228,NA,NA,NA,NA,NA,0,1,0,NA,1,1,NA,NA,1,NA,NA,NA,0,NA,1,0,1,NA,1,NA,1,NA,NA,0,NA,NA,0,1,1,0,1,NA,NA,NA,NA,NA,0,NA,NA,NA,1,1,NA,NA,1,1,NA,NA,NA,NA,NA,NA,NA,NA,NA,NA,NA,NA,NA,NA,NA,NA,NA,NA,NA,NA,NA,NA,NA,NA,NA,NA,NA,NA,NA,NA,NA,1,1,1,NA,NA,1
S2014,229,NA,NA,NA,NA,NA,1,1,0,NA,1,0,NA,NA,1,NA,NA,NA,0,NA,1,0,1,NA,1,NA,0,NA,NA,1,NA,NA,1,1,1,1,1,NA,NA,NA,NA,NA,0,NA,NA,NA,0,1,NA,NA,0,0,NA,NA,NA,NA,NA,NA,NA,NA,NA,NA,NA,NA,NA,NA,NA,NA,NA,NA,NA,NA,NA,NA,NA,NA,NA,NA,NA,NA,NA,NA,NA,0,0,1,NA,NA,1
S2014,230,NA,NA,NA,NA,NA,1,1,1,NA,0,1,NA,NA,1,NA,NA,NA,1,NA,1,1,0,NA,1,NA,0,NA,NA,0,NA,NA,1,1,1,0,1,NA,NA,NA,NA,NA,1,NA,NA,NA,1,1,NA,NA,1,1,NA,NA,NA,NA,NA,NA,NA,NA,NA,NA,NA,NA,NA,NA,NA,NA,NA,NA,NA,NA,NA,NA,NA,NA,NA,NA,NA,NA,NA,NA,NA,0,0,0,NA,NA,0
S2014,231,NA,NA,NA,NA,NA,1,1,1,NA,0,1,NA,NA,0,NA,NA,NA,1,NA,1,1,1,NA,1,NA,1,NA,NA,1,NA,NA,0,0,1,1,1,NA,NA,NA,NA,NA,0,NA,NA,NA,0,1,NA,NA,0,1,NA,NA,NA,NA,NA,NA,NA,NA,NA,NA,NA,NA,NA,NA,NA,NA,NA,NA,NA,NA,NA,NA,NA,NA,NA,NA,NA,NA,NA,NA,NA,1,0,1,NA,NA,1
S2014,232,NA,NA,NA,NA,NA,0,1,1,NA,0,1,NA,NA,0,NA,NA,NA,0,NA,1,1,1,NA,1,NA,0,NA,NA,1,NA,NA,1,0,1,0,1,NA,NA,NA,NA,NA,1,NA,NA,NA,1,1,NA,NA,1,1,NA,NA,NA,NA,NA,NA,NA,NA,NA,NA,NA,NA,NA,NA,NA,NA,NA,NA,NA,NA,NA,NA,NA,NA,NA,NA,NA,NA,NA,NA,NA,1,0,1,NA,NA,1
S2014,233,NA,NA,NA,NA,NA,1,1,1,NA,1,1,NA,NA,1,NA,NA,NA,1,NA,1,1,1,NA,0,NA,0,NA,NA,1,NA,NA,1,1,1,1,0,NA,NA,NA,NA,NA,1,NA,NA,NA,1,1,NA,NA,1,1,NA,NA,NA,NA,NA,NA,NA,NA,NA,NA,NA,NA,NA,NA,NA,NA,NA,NA,NA,NA,NA,NA,NA,NA,NA,NA,NA,NA,NA,NA,NA,0,0,1,NA,NA,0
S2014,234,NA,NA,NA,NA,NA,1,1,1,NA,1,1,NA,NA,1,NA,NA,NA,1,NA,1,1,0,NA,1,NA,0,NA,NA,1,NA,NA,1,0,1,1,1,NA,NA,NA,NA,NA,1,NA,NA,NA,0,1,NA,NA,1,0,NA,NA,NA,NA,NA,NA,NA,NA,NA,NA,NA,NA,NA,NA,NA,NA,NA,NA,NA,NA,NA,NA,NA,NA,NA,NA,NA,NA,NA,NA,NA,1,1,1,NA,NA,0
S2014,235,NA,NA,NA,NA,NA,1,1,0,NA,1,0,NA,NA,0,NA,NA,NA,1,NA,1,1,1,NA,1,NA,1,NA,NA,1,NA,NA,1,1,0,1,1,NA,NA,NA,NA,NA,1,NA,NA,NA,1,1,NA,NA,1,1,NA,NA,NA,NA,NA,NA,NA,NA,NA,NA,NA,NA,NA,NA,NA,NA,NA,NA,NA,NA,NA,NA,NA,NA,NA,NA,NA,NA,NA,NA,NA,1,1,1,NA,NA,1
S2014,236,NA,NA,NA,NA,NA,1,0,1,NA,0,0,NA,NA,1,NA,NA,NA,0,NA,1,1,0,NA,0,NA,1,NA,NA,1,NA,NA,1,1,1,1,1,NA,NA,NA,NA,NA,0,NA,NA,NA,0,0,NA,NA,1,1,NA,NA,NA,NA,NA,NA,NA,NA,NA,NA,NA,NA,NA,NA,NA,NA,NA,NA,NA,NA,NA,NA,NA,NA,NA,NA,NA,NA,NA,NA,NA,1,1,1,NA,NA,1
S2014,237,NA,NA,NA,NA,NA,1,1,0,NA,1,1,NA,NA,1,NA,NA,NA,1,NA,1,1,0,NA,1,NA,1,NA,NA,0,NA,NA,1,1,1,0,0,NA,NA,NA,NA,NA,1,NA,NA,NA,0,1,NA,NA,1,1,NA,NA,NA,NA,NA,NA,NA,NA,NA,NA,NA,NA,NA,NA,NA,NA,NA,NA,NA,NA,NA,NA,NA,NA,NA,NA,NA,NA,NA,NA,NA,1,0,1,NA,NA,1
S2014,238,NA,NA,NA,NA,NA,1,1,1,NA,1,1,NA,NA,0,NA,NA,NA,1,NA,1,1,1,NA,1,NA,1,NA,NA,1,NA,NA,1,1,1,1,1,NA,NA,NA,NA,NA,1,NA,NA,NA,1,1,NA,NA,0,1,NA,NA,NA,NA,NA,NA,NA,NA,NA,NA,NA,NA,NA,NA,NA,NA,NA,NA,NA,NA,NA,NA,NA,NA,NA,NA,NA,NA,NA,NA,NA,1,1,1,NA,NA,1
S2014,239,NA,NA,NA,NA,NA,1,1,0,NA,1,0,NA,NA,1,NA,NA,NA,0,NA,1,1,1,NA,1,NA,1,NA,NA,1,NA,NA,1,1,1,0,1,NA,NA,NA,NA,NA,1,NA,NA,NA,1,1,NA,NA,0,1,NA,NA,NA,NA,NA,NA,NA,NA,NA,NA,NA,NA,NA,NA,NA,NA,NA,NA,NA,NA,NA,NA,NA,NA,NA,NA,NA,NA,NA,NA,NA,1,1,1,NA,NA,1
S2014,240,NA,NA,NA,NA,NA,1,1,1,NA,1,0,NA,NA,1,NA,NA,NA,1,NA,1,1,0,NA,1,NA,1,NA,NA,1,NA,NA,1,1,1,1,1,NA,NA,NA,NA,NA,1,NA,NA,NA,1,1,NA,NA,1,1,NA,NA,NA,NA,NA,NA,NA,NA,NA,NA,NA,NA,NA,NA,NA,NA,NA,NA,NA,NA,NA,NA,NA,NA,NA,NA,NA,NA,NA,NA,NA,1,1,1,NA,NA,1
S2014,241,NA,NA,NA,NA,NA,1,1,1,NA,1,1,NA,NA,1,NA,NA,NA,1,NA,0,1,0,NA,0,NA,0,NA,NA,1,NA,NA,1,1,1,0,0,NA,NA,NA,NA,NA,1,NA,NA,NA,0,0,NA,NA,1,0,NA,NA,NA,NA,NA,NA,NA,NA,NA,NA,NA,NA,NA,NA,NA,NA,NA,NA,NA,NA,NA,NA,NA,NA,NA,NA,NA,NA,NA,NA,NA,0,0,1,NA,NA,0
S2014,242,NA,NA,NA,NA,NA,0,1,1,NA,0,0,NA,NA,0,NA,NA,NA,1,NA,1,1,1,NA,1,NA,0,NA,NA,1,NA,NA,1,1,1,1,1,NA,NA,NA,NA,NA,0,NA,NA,NA,1,1,NA,NA,1,1,NA,NA,NA,NA,NA,NA,NA,NA,NA,NA,NA,NA,NA,NA,NA,NA,NA,NA,NA,NA,NA,NA,NA,NA,NA,NA,NA,NA,NA,NA,NA,1,1,1,NA,NA,0
S2014,243,NA,NA,NA,NA,NA,1,1,1,NA,1,1,NA,NA,1,NA,NA,NA,1,NA,1,1,1,NA,1,NA,1,NA,NA,1,NA,NA,0,1,1,1,1,NA,NA,NA,NA,NA,1,NA,NA,NA,0,1,NA,NA,1,0,NA,NA,NA,NA,NA,NA,NA,NA,NA,NA,NA,NA,NA,NA,NA,NA,NA,NA,NA,NA,NA,NA,NA,NA,NA,NA,NA,NA,NA,NA,NA,0,0,1,NA,NA,1
S2014,244,NA,NA,NA,NA,NA,1,1,1,NA,1,0,NA,NA,1,NA,NA,NA,1,NA,1,0,0,NA,1,NA,1,NA,NA,1,NA,NA,1,0,0,0,1,NA,NA,NA,NA,NA,1,NA,NA,NA,1,1,NA,NA,1,1,NA,NA,NA,NA,NA,NA,NA,NA,NA,NA,NA,NA,NA,NA,NA,NA,NA,NA,NA,NA,NA,NA,NA,NA,NA,NA,NA,NA,NA,NA,NA,1,1,1,NA,NA,1
S2014,245,NA,NA,NA,NA,NA,1,1,0,NA,1,0,NA,NA,1,NA,NA,NA,0,NA,1,1,0,NA,1,NA,1,NA,NA,1,NA,NA,1,1,1,0,1,NA,NA,NA,NA,NA,0,NA,NA,NA,0,0,NA,NA,1,1,NA,NA,NA,NA,NA,NA,NA,NA,NA,NA,NA,NA,NA,NA,NA,NA,NA,NA,NA,NA,NA,NA,NA,NA,NA,NA,NA,NA,NA,NA,NA,0,1,1,NA,NA,1
S2014,246,NA,NA,NA,NA,NA,1,1,0,NA,1,1,NA,NA,1,NA,NA,NA,1,NA,1,1,0,NA,1,NA,0,NA,NA,0,NA,NA,1,1,1,1,1,NA,NA,NA,NA,NA,1,NA,NA,NA,1,1,NA,NA,1,0,NA,NA,NA,NA,NA,NA,NA,NA,NA,NA,NA,NA,NA,NA,NA,NA,NA,NA,NA,NA,NA,NA,NA,NA,NA,NA,NA,NA,NA,NA,NA,0,0,1,NA,NA,1
S2014,247,NA,NA,NA,NA,NA,1,1,1,NA,0,1,NA,NA,0,NA,NA,NA,1,NA,1,1,0,NA,1,NA,1,NA,NA,1,NA,NA,1,1,1,1,1,NA,NA,NA,NA,NA,1,NA,NA,NA,0,1,NA,NA,1,1,NA,NA,NA,NA,NA,NA,NA,NA,NA,NA,NA,NA,NA,NA,NA,NA,NA,NA,NA,NA,NA,NA,NA,NA,NA,NA,NA,NA,NA,NA,NA,1,1,1,NA,NA,0
S2014,248,NA,NA,NA,NA,NA,1,1,1,NA,0,0,NA,NA,1,NA,NA,NA,1,NA,1,1,0,NA,1,NA,0,NA,NA,0,NA,NA,1,1,0,1,0,NA,NA,NA,NA,NA,1,NA,NA,NA,1,1,NA,NA,1,1,NA,NA,NA,NA,NA,NA,NA,NA,NA,NA,NA,NA,NA,NA,NA,NA,NA,NA,NA,NA,NA,NA,NA,NA,NA,NA,NA,NA,NA,NA,NA,1,0,1,NA,NA,1
S2014,249,NA,NA,NA,NA,NA,1,1,1,NA,0,1,NA,NA,1,NA,NA,NA,1,NA,1,1,1,NA,1,NA,0,NA,NA,1,NA,NA,1,1,1,1,1,NA,NA,NA,NA,NA,1,NA,NA,NA,1,1,NA,NA,1,1,NA,NA,NA,NA,NA,NA,NA,NA,NA,NA,NA,NA,NA,NA,NA,NA,NA,NA,NA,NA,NA,NA,NA,NA,NA,NA,NA,NA,NA,NA,NA,1,1,1,NA,NA,1
S2014,250,NA,NA,NA,NA,NA,1,1,0,NA,0,0,NA,NA,1,NA,NA,NA,1,NA,1,1,0,NA,0,NA,0,NA,NA,1,NA,NA,1,1,0,1,1,NA,NA,NA,NA,NA,1,NA,NA,NA,0,0,NA,NA,1,1,NA,NA,NA,NA,NA,NA,NA,NA,NA,NA,NA,NA,NA,NA,NA,NA,NA,NA,NA,NA,NA,NA,NA,NA,NA,NA,NA,NA,NA,NA,NA,1,0,1,NA,NA,0
S2014,251,NA,NA,NA,NA,NA,1,1,1,NA,1,1,NA,NA,1,NA,NA,NA,1,NA,1,1,0,NA,1,NA,0,NA,NA,1,NA,NA,1,0,1,1,1,NA,NA,NA,NA,NA,1,NA,NA,NA,0,1,NA,NA,1,0,NA,NA,NA,NA,NA,NA,NA,NA,NA,NA,NA,NA,NA,NA,NA,NA,NA,NA,NA,NA,NA,NA,NA,NA,NA,NA,NA,NA,NA,NA,NA,1,1,1,NA,NA,0
S2014,252,NA,NA,NA,NA,NA,0,1,1,NA,0,1,NA,NA,1,NA,NA,NA,1,NA,1,1,1,NA,1,NA,0,NA,NA,1,NA,NA,1,1,1,0,1,NA,NA,NA,NA,NA,1,NA,NA,NA,0,1,NA,NA,0,1,NA,NA,NA,NA,NA,NA,NA,NA,NA,NA,NA,NA,NA,NA,NA,NA,NA,NA,NA,NA,NA,NA,NA,NA,NA,NA,NA,NA,NA,NA,NA,1,1,1,NA,NA,0
S2014,253,NA,NA,NA,NA,NA,1,0,0,NA,0,0,NA,NA,1,NA,NA,NA,1,NA,0,1,0,NA,0,NA,1,NA,NA,0,NA,NA,1,1,1,0,1,NA,NA,NA,NA,NA,1,NA,NA,NA,0,1,NA,NA,1,1,NA,NA,NA,NA,NA,NA,NA,NA,NA,NA,NA,NA,NA,NA,NA,NA,NA,NA,NA,NA,NA,NA,NA,NA,NA,NA,NA,NA,NA,NA,NA,0,1,1,NA,NA,0
S2014,254,NA,NA,NA,NA,NA,0,1,1,NA,0,1,NA,NA,0,NA,NA,NA,1,NA,1,1,0,NA,1,NA,1,NA,NA,1,NA,NA,1,1,1,0,1,NA,NA,NA,NA,NA,1,NA,NA,NA,1,1,NA,NA,1,0,NA,NA,NA,NA,NA,NA,NA,NA,NA,NA,NA,NA,NA,NA,NA,NA,NA,NA,NA,NA,NA,NA,NA,NA,NA,NA,NA,NA,NA,NA,NA,1,1,0,NA,NA,1
S2014,255,NA,NA,NA,NA,NA,1,1,1,NA,0,0,NA,NA,1,NA,NA,NA,0,NA,1,1,1,NA,1,NA,1,NA,NA,1,NA,NA,1,1,1,1,1,NA,NA,NA,NA,NA,1,NA,NA,NA,1,1,NA,NA,1,1,NA,NA,NA,NA,NA,NA,NA,NA,NA,NA,NA,NA,NA,NA,NA,NA,NA,NA,NA,NA,NA,NA,NA,NA,NA,NA,NA,NA,NA,NA,NA,1,1,1,NA,NA,1
C2016,256,1,1,1,0,0,NA,NA,0,NA,0,NA,NA,NA,1,NA,NA,NA,NA,0,1,NA,1,NA,0,NA,NA,NA,0,1,NA,1,1,NA,1,1,1,NA,NA,NA,NA,NA,NA,NA,0,NA,NA,NA,1,NA,NA,NA,NA,NA,NA,NA,NA,NA,NA,NA,NA,NA,NA,NA,NA,NA,NA,NA,NA,NA,NA,NA,NA,NA,NA,NA,NA,NA,NA,NA,NA,NA,NA,0,0,NA,0,0,0
C2016,257,1,0,1,0,0,NA,NA,0,NA,0,NA,NA,NA,0,NA,NA,NA,NA,1,1,NA,1,NA,1,NA,NA,NA,1,1,NA,1,1,NA,1,0,0,NA,NA,NA,NA,NA,NA,NA,1,NA,NA,NA,0,NA,NA,NA,NA,NA,NA,NA,NA,NA,NA,NA,NA,NA,NA,NA,NA,NA,NA,NA,NA,NA,NA,NA,NA,NA,NA,NA,NA,NA,NA,NA,NA,NA,NA,0,0,NA,0,0,0
C2016,258,1,1,1,1,1,NA,NA,0,NA,0,NA,NA,NA,0,NA,NA,NA,NA,0,1,NA,1,NA,1,NA,NA,NA,0,1,NA,0,1,NA,0,0,0,NA,NA,NA,NA,NA,NA,NA,0,NA,NA,NA,1,NA,NA,NA,NA,NA,NA,NA,NA,NA,NA,NA,NA,NA,NA,NA,NA,NA,NA,NA,NA,NA,NA,NA,NA,NA,NA,NA,NA,NA,NA,NA,NA,NA,NA,1,1,NA,0,0,0
C2016,259,1,0,0,1,0,NA,NA,1,NA,1,NA,NA,NA,0,NA,NA,NA,NA,1,1,NA,1,NA,1,NA,NA,NA,0,1,NA,1,1,NA,0,0,0,NA,NA,NA,NA,NA,NA,NA,1,NA,NA,NA,0,NA,NA,NA,NA,NA,NA,NA,NA,NA,NA,NA,NA,NA,NA,NA,NA,NA,NA,NA,NA,NA,NA,NA,NA,NA,NA,NA,NA,NA,NA,NA,NA,NA,NA,0,0,NA,0,0,0
C2016,260,1,1,1,1,1,NA,NA,0,NA,1,NA,NA,NA,0,NA,NA,NA,NA,1,1,NA,0,NA,1,NA,NA,NA,1,1,NA,1,1,NA,0,1,0,NA,NA,NA,NA,NA,NA,NA,1,NA,NA,NA,1,NA,NA,NA,NA,NA,NA,NA,NA,NA,NA,NA,NA,NA,NA,NA,NA,NA,NA,NA,NA,NA,NA,NA,NA,NA,NA,NA,NA,NA,NA,NA,NA,NA,NA,0,0,NA,0,0,0
C2016,261,1,0,1,1,1,NA,NA,0,NA,1,NA,NA,NA,1,NA,NA,NA,NA,1,1,NA,0,NA,1,NA,NA,NA,0,1,NA,1,1,NA,1,1,0,NA,NA,NA,NA,NA,NA,NA,1,NA,NA,NA,0,NA,NA,NA,NA,NA,NA,NA,NA,NA,NA,NA,NA,NA,NA,NA,NA,NA,NA,NA,NA,NA,NA,NA,NA,NA,NA,NA,NA,NA,NA,NA,NA,NA,NA,1,1,NA,1,1,1
C2016,262,1,1,0,0,1,NA,NA,1,NA,1,NA,NA,NA,1,NA,NA,NA,NA,0,1,NA,0,NA,1,NA,NA,NA,0,0,NA,0,1,NA,1,1,1,NA,NA,NA,NA,NA,NA,NA,1,NA,NA,NA,1,NA,NA,NA,NA,NA,NA,NA,NA,NA,NA,NA,NA,NA,NA,NA,NA,NA,NA,NA,NA,NA,NA,NA,NA,NA,NA,NA,NA,NA,NA,NA,NA,NA,NA,0,0,NA,0,0,0
C2016,263,1,0,1,1,1,NA,NA,1,NA,1,NA,NA,NA,1,NA,NA,NA,NA,1,1,NA,1,NA,1,NA,NA,NA,1,0,NA,1,1,NA,1,1,1,NA,NA,NA,NA,NA,NA,NA,0,NA,NA,NA,0,NA,NA,NA,NA,NA,NA,NA,NA,NA,NA,NA,NA,NA,NA,NA,NA,NA,NA,NA,NA,NA,NA,NA,NA,NA,NA,NA,NA,NA,NA,NA,NA,NA,NA,0,0,NA,0,0,1
C2016,264,1,1,1,1,0,NA,NA,1,NA,0,NA,NA,NA,1,NA,NA,NA,NA,1,1,NA,1,NA,1,NA,NA,NA,1,0,NA,1,1,NA,1,0,1,NA,NA,NA,NA,NA,NA,NA,1,NA,NA,NA,0,NA,NA,NA,NA,NA,NA,NA,NA,NA,NA,NA,NA,NA,NA,NA,NA,NA,NA,NA,NA,NA,NA,NA,NA,NA,NA,NA,NA,NA,NA,NA,NA,NA,NA,0,0,NA,0,0,0
C2016,265,1,0,1,0,0,NA,NA,1,NA,1,NA,NA,NA,0,NA,NA,NA,NA,1,1,NA,1,NA,1,NA,NA,NA,0,1,NA,0,1,NA,0,0,1,NA,NA,NA,NA,NA,NA,NA,1,NA,NA,NA,1,NA,NA,NA,NA,NA,NA,NA,NA,NA,NA,NA,NA,NA,NA,NA,NA,NA,NA,NA,NA,NA,NA,NA,NA,NA,NA,NA,NA,NA,NA,NA,NA,NA,NA,0,1,NA,1,0,0
C2016,266,1,0,1,1,1,NA,NA,1,NA,1,NA,NA,NA,1,NA,NA,NA,NA,1,1,NA,1,NA,1,NA,NA,NA,0,1,NA,1,1,NA,0,1,1,NA,NA,NA,NA,NA,NA,NA,1,NA,NA,NA,1,NA,NA,NA,NA,NA,NA,NA,NA,NA,NA,NA,NA,NA,NA,NA,NA,NA,NA,NA,NA,NA,NA,NA,NA,NA,NA,NA,NA,NA,NA,NA,NA,NA,NA,0,0,NA,0,0,1
C2016,267,1,1,1,1,1,NA,NA,1,NA,1,NA,NA,NA,0,NA,NA,NA,NA,1,1,NA,1,NA,1,NA,NA,NA,0,1,NA,0,1,NA,1,0,1,NA,NA,NA,NA,NA,NA,NA,1,NA,NA,NA,1,NA,NA,NA,NA,NA,NA,NA,NA,NA,NA,NA,NA,NA,NA,NA,NA,NA,NA,NA,NA,NA,NA,NA,NA,NA,NA,NA,NA,NA,NA,NA,NA,NA,NA,0,0,NA,0,0,0
C2016,268,1,0,1,0,0,NA,NA,0,NA,1,NA,NA,NA,1,NA,NA,NA,NA,1,0,NA,1,NA,0,NA,NA,NA,1,0,NA,1,1,NA,1,1,1,NA,NA,NA,NA,NA,NA,NA,1,NA,NA,NA,1,NA,NA,NA,NA,NA,NA,NA,NA,NA,NA,NA,NA,NA,NA,NA,NA,NA,NA,NA,NA,NA,NA,NA,NA,NA,NA,NA,NA,NA,NA,NA,NA,NA,NA,1,1,NA,0,0,0
C2016,269,1,0,1,1,1,NA,NA,0,NA,0,NA,NA,NA,1,NA,NA,NA,NA,1,1,NA,1,NA,1,NA,NA,NA,1,1,NA,1,1,NA,1,0,1,NA,NA,NA,NA,NA,NA,NA,1,NA,NA,NA,0,NA,NA,NA,NA,NA,NA,NA,NA,NA,NA,NA,NA,NA,NA,NA,NA,NA,NA,NA,NA,NA,NA,NA,NA,NA,NA,NA,NA,NA,NA,NA,NA,NA,NA,0,0,NA,0,0,1
C2016,270,1,1,1,1,1,NA,NA,0,NA,1,NA,NA,NA,1,NA,NA,NA,NA,1,0,NA,1,NA,1,NA,NA,NA,1,1,NA,1,1,NA,1,1,0,NA,NA,NA,NA,NA,NA,NA,1,NA,NA,NA,1,NA,NA,NA,NA,NA,NA,NA,NA,NA,NA,NA,NA,NA,NA,NA,NA,NA,NA,NA,NA,NA,NA,NA,NA,NA,NA,NA,NA,NA,NA,NA,NA,NA,NA,1,1,NA,1,1,1
C2016,271,1,1,1,1,1,NA,NA,1,NA,0,NA,NA,NA,1,NA,NA,NA,NA,1,1,NA,1,NA,1,NA,NA,NA,1,1,NA,0,1,NA,1,0,1,NA,NA,NA,NA,NA,NA,NA,0,NA,NA,NA,1,NA,NA,NA,NA,NA,NA,NA,NA,NA,NA,NA,NA,NA,NA,NA,NA,NA,NA,NA,NA,NA,NA,NA,NA,NA,NA,NA,NA,NA,NA,NA,NA,NA,NA,0,0,NA,0,0,1
C2016,272,1,1,1,1,1,NA,NA,1,NA,0,NA,NA,NA,1,NA,NA,NA,NA,0,1,NA,0,NA,0,NA,NA,NA,1,0,NA,1,1,NA,0,1,1,NA,NA,NA,NA,NA,NA,NA,1,NA,NA,NA,1,NA,NA,NA,NA,NA,NA,NA,NA,NA,NA,NA,NA,NA,NA,NA,NA,NA,NA,NA,NA,NA,NA,NA,NA,NA,NA,NA,NA,NA,NA,NA,NA,NA,NA,0,0,NA,0,0,0
C2016,273,1,0,1,1,1,NA,NA,1,NA,0,NA,NA,NA,1,NA,NA,NA,NA,1,1,NA,1,NA,1,NA,NA,NA,1,1,NA,1,0,NA,1,0,1,NA,NA,NA,NA,NA,NA,NA,0,NA,NA,NA,1,NA,NA,NA,NA,NA,NA,NA,NA,NA,NA,NA,NA,NA,NA,NA,NA,NA,NA,NA,NA,NA,NA,NA,NA,NA,NA,NA,NA,NA,NA,NA,NA,NA,NA,1,1,NA,0,0,0
C2016,274,1,1,1,1,0,NA,NA,1,NA,0,NA,NA,NA,1,NA,NA,NA,NA,1,1,NA,1,NA,1,NA,NA,NA,0,1,NA,1,1,NA,1,0,1,NA,NA,NA,NA,NA,NA,NA,1,NA,NA,NA,1,NA,NA,NA,NA,NA,NA,NA,NA,NA,NA,NA,NA,NA,NA,NA,NA,NA,NA,NA,NA,NA,NA,NA,NA,NA,NA,NA,NA,NA,NA,NA,NA,NA,NA,1,1,NA,0,0,0
C2016,275,1,0,1,0,0,NA,NA,1,NA,0,NA,NA,NA,0,NA,NA,NA,NA,1,1,NA,1,NA,1,NA,NA,NA,0,0,NA,1,1,NA,0,1,1,NA,NA,NA,NA,NA,NA,NA,1,NA,NA,NA,0,NA,NA,NA,NA,NA,NA,NA,NA,NA,NA,NA,NA,NA,NA,NA,NA,NA,NA,NA,NA,NA,NA,NA,NA,NA,NA,NA,NA,NA,NA,NA,NA,NA,NA,0,0,NA,0,0,0
C2016,276,1,1,1,1,0,NA,NA,1,NA,1,NA,NA,NA,1,NA,NA,NA,NA,0,1,NA,1,NA,1,NA,NA,NA,1,1,NA,1,1,NA,0,1,0,NA,NA,NA,NA,NA,NA,NA,0,NA,NA,NA,0,NA,NA,NA,NA,NA,NA,NA,NA,NA,NA,NA,NA,NA,NA,NA,NA,NA,NA,NA,NA,NA,NA,NA,NA,NA,NA,NA,NA,NA,NA,NA,NA,NA,NA,0,0,NA,1,1,1
C2016,277,1,1,1,1,1,NA,NA,1,NA,1,NA,NA,NA,1,NA,NA,NA,NA,1,0,NA,1,NA,1,NA,NA,NA,1,1,NA,1,1,NA,1,0,1,NA,NA,NA,NA,NA,NA,NA,1,NA,NA,NA,0,NA,NA,NA,NA,NA,NA,NA,NA,NA,NA,NA,NA,NA,NA,NA,NA,NA,NA,NA,NA,NA,NA,NA,NA,NA,NA,NA,NA,NA,NA,NA,NA,NA,NA,1,1,NA,1,1,0
C2016,278,1,1,1,1,1,NA,NA,0,NA,1,NA,NA,NA,1,NA,NA,NA,NA,0,1,NA,0,NA,1,NA,NA,NA,1,0,NA,0,0,NA,0,0,1,NA,NA,NA,NA,NA,NA,NA,0,NA,NA,NA,0,NA,NA,NA,NA,NA,NA,NA,NA,NA,NA,NA,NA,NA,NA,NA,NA,NA,NA,NA,NA,NA,NA,NA,NA,NA,NA,NA,NA,NA,NA,NA,NA,NA,NA,1,1,NA,1,1,0
C2016,279,1,0,1,1,1,NA,NA,1,NA,0,NA,NA,NA,1,NA,NA,NA,NA,1,1,NA,1,NA,1,NA,NA,NA,0,1,NA,1,1,NA,1,1,1,NA,NA,NA,NA,NA,NA,NA,1,NA,NA,NA,0,NA,NA,NA,NA,NA,NA,NA,NA,NA,NA,NA,NA,NA,NA,NA,NA,NA,NA,NA,NA,NA,NA,NA,NA,NA,NA,NA,NA,NA,NA,NA,NA,NA,NA,0,0,NA,0,0,1
C2016,280,1,0,1,1,1,NA,NA,0,NA,1,NA,NA,NA,1,NA,NA,NA,NA,1,1,NA,1,NA,1,NA,NA,NA,0,1,NA,0,1,NA,1,1,0,NA,NA,NA,NA,NA,NA,NA,0,NA,NA,NA,0,NA,NA,NA,NA,NA,NA,NA,NA,NA,NA,NA,NA,NA,NA,NA,NA,NA,NA,NA,NA,NA,NA,NA,NA,NA,NA,NA,NA,NA,NA,NA,NA,NA,NA,1,1,NA,0,0,0
C2016,281,1,0,1,1,1,NA,NA,0,NA,0,NA,NA,NA,0,NA,NA,NA,NA,1,1,NA,1,NA,0,NA,NA,NA,0,1,NA,1,1,NA,1,1,1,NA,NA,NA,NA,NA,NA,NA,1,NA,NA,NA,1,NA,NA,NA,NA,NA,NA,NA,NA,NA,NA,NA,NA,NA,NA,NA,NA,NA,NA,NA,NA,NA,NA,NA,NA,NA,NA,NA,NA,NA,NA,NA,NA,NA,NA,1,1,NA,1,1,1
C2016,282,1,1,1,1,1,NA,NA,0,NA,1,NA,NA,NA,1,NA,NA,NA,NA,0,0,NA,1,NA,1,NA,NA,NA,1,0,NA,1,0,NA,1,1,0,NA,NA,NA,NA,NA,NA,NA,0,NA,NA,NA,0,NA,NA,NA,NA,NA,NA,NA,NA,NA,NA,NA,NA,NA,NA,NA,NA,NA,NA,NA,NA,NA,NA,NA,NA,NA,NA,NA,NA,NA,NA,NA,NA,NA,NA,1,1,NA,1,1,0
C2016,283,1,1,1,1,1,NA,NA,1,NA,0,NA,NA,NA,1,NA,NA,NA,NA,0,1,NA,1,NA,1,NA,NA,NA,1,0,NA,1,1,NA,1,0,0,NA,NA,NA,NA,NA,NA,NA,1,NA,NA,NA,1,NA,NA,NA,NA,NA,NA,NA,NA,NA,NA,NA,NA,NA,NA,NA,NA,NA,NA,NA,NA,NA,NA,NA,NA,NA,NA,NA,NA,NA,NA,NA,NA,NA,NA,0,0,NA,1,0,1
C2016,284,1,1,1,0,1,NA,NA,0,NA,0,NA,NA,NA,0,NA,NA,NA,NA,1,1,NA,1,NA,1,NA,NA,NA,0,0,NA,0,0,NA,1,1,0,NA,NA,NA,NA,NA,NA,NA,1,NA,NA,NA,0,NA,NA,NA,NA,NA,NA,NA,NA,NA,NA,NA,NA,NA,NA,NA,NA,NA,NA,NA,NA,NA,NA,NA,NA,NA,NA,NA,NA,NA,NA,NA,NA,NA,NA,0,0,NA,0,0,0
C2016,285,1,1,1,0,0,NA,NA,1,NA,1,NA,NA,NA,1,NA,NA,NA,NA,1,1,NA,1,NA,1,NA,NA,NA,0,0,NA,1,1,NA,1,1,1,NA,NA,NA,NA,NA,NA,NA,0,NA,NA,NA,0,NA,NA,NA,NA,NA,NA,NA,NA,NA,NA,NA,NA,NA,NA,NA,NA,NA,NA,NA,NA,NA,NA,NA,NA,NA,NA,NA,NA,NA,NA,NA,NA,NA,NA,1,1,NA,0,0,1
C2016,286,1,0,1,1,1,NA,NA,0,NA,1,NA,NA,NA,0,NA,NA,NA,NA,1,1,NA,0,NA,1,NA,NA,NA,1,1,NA,1,1,NA,1,1,0,NA,NA,NA,NA,NA,NA,NA,1,NA,NA,NA,0,NA,NA,NA,NA,NA,NA,NA,NA,NA,NA,NA,NA,NA,NA,NA,NA,NA,NA,NA,NA,NA,NA,NA,NA,NA,NA,NA,NA,NA,NA,NA,NA,NA,NA,1,1,NA,1,1,1
C2016,287,1,1,1,1,1,NA,NA,1,NA,0,NA,NA,NA,1,NA,NA,NA,NA,1,1,NA,1,NA,1,NA,NA,NA,0,0,NA,1,1,NA,0,1,1,NA,NA,NA,NA,NA,NA,NA,0,NA,NA,NA,1,NA,NA,NA,NA,NA,NA,NA,NA,NA,NA,NA,NA,NA,NA,NA,NA,NA,NA,NA,NA,NA,NA,NA,NA,NA,NA,NA,NA,NA,NA,NA,NA,NA,NA,0,0,NA,1,1,0
C2016,288,1,0,1,1,1,NA,NA,1,NA,1,NA,NA,NA,1,NA,NA,NA,NA,1,1,NA,1,NA,1,NA,NA,NA,1,0,NA,1,1,NA,0,0,1,NA,NA,NA,NA,NA,NA,NA,0,NA,NA,NA,1,NA,NA,NA,NA,NA,NA,NA,NA,NA,NA,NA,NA,NA,NA,NA,NA,NA,NA,NA,NA,NA,NA,NA,NA,NA,NA,NA,NA,NA,NA,NA,NA,NA,NA,0,0,NA,0,0,1
C2016,289,1,0,1,1,1,NA,NA,1,NA,0,NA,NA,NA,0,NA,NA,NA,NA,1,1,NA,1,NA,1,NA,NA,NA,1,1,NA,1,1,NA,1,0,1,NA,NA,NA,NA,NA,NA,NA,0,NA,NA,NA,1,NA,NA,NA,NA,NA,NA,NA,NA,NA,NA,NA,NA,NA,NA,NA,NA,NA,NA,NA,NA,NA,NA,NA,NA,NA,NA,NA,NA,NA,NA,NA,NA,NA,NA,1,1,NA,1,1,1
C2016,290,1,1,1,1,1,NA,NA,0,NA,1,NA,NA,NA,1,NA,NA,NA,NA,1,1,NA,1,NA,1,NA,NA,NA,0,1,NA,1,1,NA,1,0,1,NA,NA,NA,NA,NA,NA,NA,1,NA,NA,NA,1,NA,NA,NA,NA,NA,NA,NA,NA,NA,NA,NA,NA,NA,NA,NA,NA,NA,NA,NA,NA,NA,NA,NA,NA,NA,NA,NA,NA,NA,NA,NA,NA,NA,NA,1,1,NA,1,1,1
C2016,291,1,1,1,1,0,NA,NA,0,NA,1,NA,NA,NA,1,NA,NA,NA,NA,1,0,NA,1,NA,1,NA,NA,NA,1,1,NA,1,1,NA,0,1,1,NA,NA,NA,NA,NA,NA,NA,1,NA,NA,NA,1,NA,NA,NA,NA,NA,NA,NA,NA,NA,NA,NA,NA,NA,NA,NA,NA,NA,NA,NA,NA,NA,NA,NA,NA,NA,NA,NA,NA,NA,NA,NA,NA,NA,NA,0,0,NA,0,0,0
C2016,292,1,1,1,1,1,NA,NA,1,NA,0,NA,NA,NA,1,NA,NA,NA,NA,1,1,NA,0,NA,1,NA,NA,NA,0,1,NA,1,1,NA,1,1,1,NA,NA,NA,NA,NA,NA,NA,1,NA,NA,NA,0,NA,NA,NA,NA,NA,NA,NA,NA,NA,NA,NA,NA,NA,NA,NA,NA,NA,NA,NA,NA,NA,NA,NA,NA,NA,NA,NA,NA,NA,NA,NA,NA,NA,NA,0,0,NA,0,0,0
C2016,293,1,1,1,1,1,NA,NA,0,NA,1,NA,NA,NA,1,NA,NA,NA,NA,1,1,NA,0,NA,1,NA,NA,NA,1,1,NA,1,1,NA,1,1,1,NA,NA,NA,NA,NA,NA,NA,0,NA,NA,NA,1,NA,NA,NA,NA,NA,NA,NA,NA,NA,NA,NA,NA,NA,NA,NA,NA,NA,NA,NA,NA,NA,NA,NA,NA,NA,NA,NA,NA,NA,NA,NA,NA,NA,NA,1,1,NA,1,1,0
C2016,294,1,0,1,0,1,NA,NA,0,NA,0,NA,NA,NA,0,NA,NA,NA,NA,1,1,NA,1,NA,1,NA,NA,NA,0,0,NA,0,1,NA,1,1,1,NA,NA,NA,NA,NA,NA,NA,1,NA,NA,NA,1,NA,NA,NA,NA,NA,NA,NA,NA,NA,NA,NA,NA,NA,NA,NA,NA,NA,NA,NA,NA,NA,NA,NA,NA,NA,NA,NA,NA,NA,NA,NA,NA,NA,NA,0,1,NA,1,0,0
C2016,295,1,1,1,1,1,NA,NA,0,NA,0,NA,NA,NA,0,NA,NA,NA,NA,0,1,NA,1,NA,1,NA,NA,NA,0,1,NA,1,1,NA,0,1,1,NA,NA,NA,NA,NA,NA,NA,0,NA,NA,NA,0,NA,NA,NA,NA,NA,NA,NA,NA,NA,NA,NA,NA,NA,NA,NA,NA,NA,NA,NA,NA,NA,NA,NA,NA,NA,NA,NA,NA,NA,NA,NA,NA,NA,NA,0,0,NA,0,0,0
C2013,296,NA,NA,NA,NA,NA,1,1,0,1,1,1,1,1,0,1,1,0,0,0,1,1,0,1,1,1,0,NA,0,1,1,0,0,0,0,1,1,1,NA,NA,NA,NA,1,1,1,NA,NA,NA,NA,NA,NA,NA,NA,NA,NA,NA,NA,NA,NA,NA,NA,NA,NA,NA,NA,NA,NA,NA,NA,NA,NA,NA,NA,NA,NA,NA,NA,NA,NA,NA,NA,NA,NA,NA,NA,NA,NA,NA,NA
C2013,297,NA,NA,NA,NA,NA,1,1,0,1,1,1,1,0,1,1,0,1,1,0,1,1,0,1,1,1,1,NA,0,1,1,0,1,0,1,1,1,1,NA,NA,NA,NA,1,0,0,NA,NA,NA,NA,NA,NA,NA,NA,NA,NA,NA,NA,NA,NA,NA,NA,NA,NA,NA,NA,NA,NA,NA,NA,NA,NA,NA,NA,NA,NA,NA,NA,NA,NA,NA,NA,NA,NA,NA,NA,NA,NA,NA,NA
C2013,298,NA,NA,NA,NA,NA,1,1,1,1,1,1,1,1,1,1,1,1,1,0,1,1,0,0,1,1,1,NA,0,1,1,1,1,0,0,1,1,1,NA,NA,NA,NA,0,0,0,NA,NA,NA,NA,NA,NA,NA,NA,NA,NA,NA,NA,NA,NA,NA,NA,NA,NA,NA,NA,NA,NA,NA,NA,NA,NA,NA,NA,NA,NA,NA,NA,NA,NA,NA,NA,NA,NA,NA,NA,NA,NA,NA,NA
C2013,299,NA,NA,NA,NA,NA,1,1,1,1,1,1,1,1,0,1,1,1,1,0,1,1,1,0,1,1,1,NA,1,1,1,1,1,1,1,1,1,1,NA,NA,NA,NA,1,1,0,NA,NA,NA,NA,NA,NA,NA,NA,NA,NA,NA,NA,NA,NA,NA,NA,NA,NA,NA,NA,NA,NA,NA,NA,NA,NA,NA,NA,NA,NA,NA,NA,NA,NA,NA,NA,NA,NA,NA,NA,NA,NA,NA,NA
C2013,300,NA,NA,NA,NA,NA,1,1,1,0,0,1,1,1,0,1,0,1,0,0,1,1,0,0,1,0,1,NA,0,0,1,1,1,1,1,0,1,1,NA,NA,NA,NA,1,1,0,NA,NA,NA,NA,NA,NA,NA,NA,NA,NA,NA,NA,NA,NA,NA,NA,NA,NA,NA,NA,NA,NA,NA,NA,NA,NA,NA,NA,NA,NA,NA,NA,NA,NA,NA,NA,NA,NA,NA,NA,NA,NA,NA,NA
C2013,301,NA,NA,NA,NA,NA,1,1,0,1,1,0,1,0,1,1,1,1,1,0,1,1,1,0,1,0,1,NA,1,1,1,1,1,1,1,0,1,1,NA,NA,NA,NA,1,0,1,NA,NA,NA,NA,NA,NA,NA,NA,NA,NA,NA,NA,NA,NA,NA,NA,NA,NA,NA,NA,NA,NA,NA,NA,NA,NA,NA,NA,NA,NA,NA,NA,NA,NA,NA,NA,NA,NA,NA,NA,NA,NA,NA,NA
C2013,302,NA,NA,NA,NA,NA,0,1,0,0,1,1,1,0,1,0,1,1,1,0,1,1,1,0,1,1,1,NA,0,1,1,1,1,1,0,1,1,0,NA,NA,NA,NA,1,0,0,NA,NA,NA,NA,NA,NA,NA,NA,NA,NA,NA,NA,NA,NA,NA,NA,NA,NA,NA,NA,NA,NA,NA,NA,NA,NA,NA,NA,NA,NA,NA,NA,NA,NA,NA,NA,NA,NA,NA,NA,NA,NA,NA,NA
C2013,303,NA,NA,NA,NA,NA,0,1,1,0,1,1,1,0,1,0,1,1,0,1,1,1,1,1,0,1,0,NA,0,1,1,1,1,1,1,0,1,0,NA,NA,NA,NA,1,1,0,NA,NA,NA,NA,NA,NA,NA,NA,NA,NA,NA,NA,NA,NA,NA,NA,NA,NA,NA,NA,NA,NA,NA,NA,NA,NA,NA,NA,NA,NA,NA,NA,NA,NA,NA,NA,NA,NA,NA,NA,NA,NA,NA,NA
C2013,304,NA,NA,NA,NA,NA,1,1,1,1,1,0,1,0,1,1,0,1,0,0,1,1,1,1,1,0,1,NA,0,0,1,1,1,1,1,1,1,1,NA,NA,NA,NA,1,1,1,NA,NA,NA,NA,NA,NA,NA,NA,NA,NA,NA,NA,NA,NA,NA,NA,NA,NA,NA,NA,NA,NA,NA,NA,NA,NA,NA,NA,NA,NA,NA,NA,NA,NA,NA,NA,NA,NA,NA,NA,NA,NA,NA,NA
C2013,305,NA,NA,NA,NA,NA,1,1,1,1,1,0,1,0,1,1,1,1,0,0,1,1,1,0,1,1,1,NA,1,1,1,1,1,0,1,1,1,1,NA,NA,NA,NA,1,0,1,NA,NA,NA,NA,NA,NA,NA,NA,NA,NA,NA,NA,NA,NA,NA,NA,NA,NA,NA,NA,NA,NA,NA,NA,NA,NA,NA,NA,NA,NA,NA,NA,NA,NA,NA,NA,NA,NA,NA,NA,NA,NA,NA,NA
C2013,306,NA,NA,NA,NA,NA,1,1,1,0,1,1,1,0,1,1,0,1,1,0,1,1,0,1,0,1,1,NA,0,1,0,0,1,1,1,0,1,0,NA,NA,NA,NA,1,1,1,NA,NA,NA,NA,NA,NA,NA,NA,NA,NA,NA,NA,NA,NA,NA,NA,NA,NA,NA,NA,NA,NA,NA,NA,NA,NA,NA,NA,NA,NA,NA,NA,NA,NA,NA,NA,NA,NA,NA,NA,NA,NA,NA,NA
C2013,307,NA,NA,NA,NA,NA,1,1,0,1,0,0,1,0,0,1,0,1,0,0,1,1,1,0,1,1,1,NA,1,1,1,1,1,0,1,0,1,1,NA,NA,NA,NA,1,0,0,NA,NA,NA,NA,NA,NA,NA,NA,NA,NA,NA,NA,NA,NA,NA,NA,NA,NA,NA,NA,NA,NA,NA,NA,NA,NA,NA,NA,NA,NA,NA,NA,NA,NA,NA,NA,NA,NA,NA,NA,NA,NA,NA,NA
C2013,308,NA,NA,NA,NA,NA,0,1,1,0,1,0,1,0,1,1,1,1,1,0,1,1,1,1,1,1,1,NA,1,1,1,1,1,0,0,1,1,1,NA,NA,NA,NA,1,0,0,NA,NA,NA,NA,NA,NA,NA,NA,NA,NA,NA,NA,NA,NA,NA,NA,NA,NA,NA,NA,NA,NA,NA,NA,NA,NA,NA,NA,NA,NA,NA,NA,NA,NA,NA,NA,NA,NA,NA,NA,NA,NA,NA,NA
C2013,309,NA,NA,NA,NA,NA,1,1,0,1,1,0,1,1,0,1,0,1,1,0,1,1,0,0,1,1,1,NA,1,1,1,1,1,1,1,0,1,1,NA,NA,NA,NA,1,0,0,NA,NA,NA,NA,NA,NA,NA,NA,NA,NA,NA,NA,NA,NA,NA,NA,NA,NA,NA,NA,NA,NA,NA,NA,NA,NA,NA,NA,NA,NA,NA,NA,NA,NA,NA,NA,NA,NA,NA,NA,NA,NA,NA,NA
C2013,310,NA,NA,NA,NA,NA,0,1,0,1,0,1,1,1,1,1,1,1,1,0,1,1,0,1,1,1,1,NA,1,0,1,1,1,0,0,1,0,0,NA,NA,NA,NA,1,1,1,NA,NA,NA,NA,NA,NA,NA,NA,NA,NA,NA,NA,NA,NA,NA,NA,NA,NA,NA,NA,NA,NA,NA,NA,NA,NA,NA,NA,NA,NA,NA,NA,NA,NA,NA,NA,NA,NA,NA,NA,NA,NA,NA,NA
C2013,311,NA,NA,NA,NA,NA,1,1,0,0,1,1,1,0,1,0,0,1,1,1,0,0,0,1,1,0,1,NA,0,1,0,1,1,0,0,0,1,1,NA,NA,NA,NA,1,0,1,NA,NA,NA,NA,NA,NA,NA,NA,NA,NA,NA,NA,NA,NA,NA,NA,NA,NA,NA,NA,NA,NA,NA,NA,NA,NA,NA,NA,NA,NA,NA,NA,NA,NA,NA,NA,NA,NA,NA,NA,NA,NA,NA,NA
C2013,312,NA,NA,NA,NA,NA,1,1,0,0,1,0,0,0,1,0,1,1,1,0,1,0,0,1,1,1,0,NA,0,1,1,1,1,1,1,0,0,1,NA,NA,NA,NA,1,1,1,NA,NA,NA,NA,NA,NA,NA,NA,NA,NA,NA,NA,NA,NA,NA,NA,NA,NA,NA,NA,NA,NA,NA,NA,NA,NA,NA,NA,NA,NA,NA,NA,NA,NA,NA,NA,NA,NA,NA,NA,NA,NA,NA,NA
C2013,313,NA,NA,NA,NA,NA,0,1,0,1,1,0,1,1,1,1,1,1,1,0,1,1,1,0,1,0,1,NA,1,1,1,1,1,0,1,1,1,1,NA,NA,NA,NA,1,1,0,NA,NA,NA,NA,NA,NA,NA,NA,NA,NA,NA,NA,NA,NA,NA,NA,NA,NA,NA,NA,NA,NA,NA,NA,NA,NA,NA,NA,NA,NA,NA,NA,NA,NA,NA,NA,NA,NA,NA,NA,NA,NA,NA,NA
C2013,314,NA,NA,NA,NA,NA,1,1,1,0,1,1,1,0,1,1,0,1,1,0,1,1,1,1,1,1,0,NA,0,1,1,1,1,0,1,1,1,1,NA,NA,NA,NA,0,0,1,NA,NA,NA,NA,NA,NA,NA,NA,NA,NA,NA,NA,NA,NA,NA,NA,NA,NA,NA,NA,NA,NA,NA,NA,NA,NA,NA,NA,NA,NA,NA,NA,NA,NA,NA,NA,NA,NA,NA,NA,NA,NA,NA,NA
C2013,315,NA,NA,NA,NA,NA,1,1,1,0,0,0,1,1,1,1,1,1,0,0,1,1,0,1,0,0,1,NA,0,1,0,1,1,0,0,1,1,1,NA,NA,NA,NA,1,1,1,NA,NA,NA,NA,NA,NA,NA,NA,NA,NA,NA,NA,NA,NA,NA,NA,NA,NA,NA,NA,NA,NA,NA,NA,NA,NA,NA,NA,NA,NA,NA,NA,NA,NA,NA,NA,NA,NA,NA,NA,NA,NA,NA,NA
C2013,316,NA,NA,NA,NA,NA,0,1,1,0,1,0,1,0,1,1,0,1,0,0,1,1,0,1,0,0,1,NA,1,0,1,0,1,0,0,0,1,1,NA,NA,NA,NA,0,1,1,NA,NA,NA,NA,NA,NA,NA,NA,NA,NA,NA,NA,NA,NA,NA,NA,NA,NA,NA,NA,NA,NA,NA,NA,NA,NA,NA,NA,NA,NA,NA,NA,NA,NA,NA,NA,NA,NA,NA,NA,NA,NA,NA,NA
C2013,317,NA,NA,NA,NA,NA,0,1,1,0,0,1,0,1,1,1,0,1,1,0,1,0,1,0,1,1,1,NA,0,1,1,1,1,0,0,1,1,1,NA,NA,NA,NA,1,0,1,NA,NA,NA,NA,NA,NA,NA,NA,NA,NA,NA,NA,NA,NA,NA,NA,NA,NA,NA,NA,NA,NA,NA,NA,NA,NA,NA,NA,NA,NA,NA,NA,NA,NA,NA,NA,NA,NA,NA,NA,NA,NA,NA,NA
C2013,318,NA,NA,NA,NA,NA,1,1,0,1,1,1,1,1,1,1,0,1,1,0,0,0,0,1,1,0,1,NA,0,1,0,1,1,0,1,1,1,1,NA,NA,NA,NA,1,1,1,NA,NA,NA,NA,NA,NA,NA,NA,NA,NA,NA,NA,NA,NA,NA,NA,NA,NA,NA,NA,NA,NA,NA,NA,NA,NA,NA,NA,NA,NA,NA,NA,NA,NA,NA,NA,NA,NA,NA,NA,NA,NA,NA,NA
C2013,319,NA,NA,NA,NA,NA,1,1,1,0,0,1,0,1,1,1,1,1,1,0,1,1,1,1,1,1,1,NA,1,0,1,1,1,0,0,0,1,1,NA,NA,NA,NA,1,1,1,NA,NA,NA,NA,NA,NA,NA,NA,NA,NA,NA,NA,NA,NA,NA,NA,NA,NA,NA,NA,NA,NA,NA,NA,NA,NA,NA,NA,NA,NA,NA,NA,NA,NA,NA,NA,NA,NA,NA,NA,NA,NA,NA,NA
C2013,320,NA,NA,NA,NA,NA,0,1,1,0,1,1,1,1,0,1,0,1,1,0,1,1,0,1,1,1,1,NA,1,1,0,1,1,1,1,0,0,0,NA,NA,NA,NA,1,0,1,NA,NA,NA,NA,NA,NA,NA,NA,NA,NA,NA,NA,NA,NA,NA,NA,NA,NA,NA,NA,NA,NA,NA,NA,NA,NA,NA,NA,NA,NA,NA,NA,NA,NA,NA,NA,NA,NA,NA,NA,NA,NA,NA,NA
C2013,321,NA,NA,NA,NA,NA,1,1,1,0,1,1,1,1,1,1,0,1,1,0,1,1,0,1,1,1,1,NA,0,1,0,1,1,0,0,0,1,1,NA,NA,NA,NA,1,0,1,NA,NA,NA,NA,NA,NA,NA,NA,NA,NA,NA,NA,NA,NA,NA,NA,NA,NA,NA,NA,NA,NA,NA,NA,NA,NA,NA,NA,NA,NA,NA,NA,NA,NA,NA,NA,NA,NA,NA,NA,NA,NA,NA,NA
C2013,322,NA,NA,NA,NA,NA,1,1,1,0,1,1,1,0,0,1,0,0,0,1,1,1,0,0,1,1,0,NA,0,1,1,1,1,1,1,1,1,1,NA,NA,NA,NA,1,1,1,NA,NA,NA,NA,NA,NA,NA,NA,NA,NA,NA,NA,NA,NA,NA,NA,NA,NA,NA,NA,NA,NA,NA,NA,NA,NA,NA,NA,NA,NA,NA,NA,NA,NA,NA,NA,NA,NA,NA,NA,NA,NA,NA,NA
C2013,323,NA,NA,NA,NA,NA,0,0,0,1,0,1,0,1,1,0,0,1,1,0,1,1,0,1,0,1,1,NA,0,0,1,0,1,1,0,0,1,1,NA,NA,NA,NA,1,1,1,NA,NA,NA,NA,NA,NA,NA,NA,NA,NA,NA,NA,NA,NA,NA,NA,NA,NA,NA,NA,NA,NA,NA,NA,NA,NA,NA,NA,NA,NA,NA,NA,NA,NA,NA,NA,NA,NA,NA,NA,NA,NA,NA,NA
C2013,324,NA,NA,NA,NA,NA,0,1,0,0,1,1,1,1,1,1,0,1,1,1,1,1,0,0,1,1,1,NA,1,0,1,0,1,0,0,1,1,0,NA,NA,NA,NA,1,0,1,NA,NA,NA,NA,NA,NA,NA,NA,NA,NA,NA,NA,NA,NA,NA,NA,NA,NA,NA,NA,NA,NA,NA,NA,NA,NA,NA,NA,NA,NA,NA,NA,NA,NA,NA,NA,NA,NA,NA,NA,NA,NA,NA,NA
C2013,325,NA,NA,NA,NA,NA,1,1,1,0,0,1,1,1,0,1,1,1,1,0,1,1,1,1,1,0,1,NA,1,1,1,0,1,0,1,1,1,1,NA,NA,NA,NA,0,1,1,NA,NA,NA,NA,NA,NA,NA,NA,NA,NA,NA,NA,NA,NA,NA,NA,NA,NA,NA,NA,NA,NA,NA,NA,NA,NA,NA,NA,NA,NA,NA,NA,NA,NA,NA,NA,NA,NA,NA,NA,NA,NA,NA,NA
C2013,326,NA,NA,NA,NA,NA,1,1,1,1,1,1,1,0,0,1,0,1,1,0,0,0,0,1,1,1,1,NA,1,1,1,1,0,0,1,1,1,1,NA,NA,NA,NA,1,1,1,NA,NA,NA,NA,NA,NA,NA,NA,NA,NA,NA,NA,NA,NA,NA,NA,NA,NA,NA,NA,NA,NA,NA,NA,NA,NA,NA,NA,NA,NA,NA,NA,NA,NA,NA,NA,NA,NA,NA,NA,NA,NA,NA,NA
C2013,327,NA,NA,NA,NA,NA,0,1,1,1,1,1,1,1,1,0,1,0,1,1,0,1,0,0,1,1,1,NA,1,1,1,1,1,1,1,0,1,1,NA,NA,NA,NA,1,0,0,NA,NA,NA,NA,NA,NA,NA,NA,NA,NA,NA,NA,NA,NA,NA,NA,NA,NA,NA,NA,NA,NA,NA,NA,NA,NA,NA,NA,NA,NA,NA,NA,NA,NA,NA,NA,NA,NA,NA,NA,NA,NA,NA,NA
C2013,328,NA,NA,NA,NA,NA,1,1,1,1,1,1,1,0,0,1,1,1,1,0,1,1,0,1,1,1,1,NA,0,1,1,0,1,1,1,1,1,1,NA,NA,NA,NA,1,1,1,NA,NA,NA,NA,NA,NA,NA,NA,NA,NA,NA,NA,NA,NA,NA,NA,NA,NA,NA,NA,NA,NA,NA,NA,NA,NA,NA,NA,NA,NA,NA,NA,NA,NA,NA,NA,NA,NA,NA,NA,NA,NA,NA,NA
C2013,329,NA,NA,NA,NA,NA,1,1,1,0,1,1,1,1,0,1,0,1,1,0,1,1,0,1,1,1,0,NA,0,1,1,0,1,1,1,0,1,1,NA,NA,NA,NA,0,0,1,NA,NA,NA,NA,NA,NA,NA,NA,NA,NA,NA,NA,NA,NA,NA,NA,NA,NA,NA,NA,NA,NA,NA,NA,NA,NA,NA,NA,NA,NA,NA,NA,NA,NA,NA,NA,NA,NA,NA,NA,NA,NA,NA,NA
C2013,330,NA,NA,NA,NA,NA,1,1,1,0,1,1,1,1,0,1,1,1,1,0,1,1,0,1,1,1,1,NA,0,0,1,0,1,1,0,1,1,1,NA,NA,NA,NA,1,1,1,NA,NA,NA,NA,NA,NA,NA,NA,NA,NA,NA,NA,NA,NA,NA,NA,NA,NA,NA,NA,NA,NA,NA,NA,NA,NA,NA,NA,NA,NA,NA,NA,NA,NA,NA,NA,NA,NA,NA,NA,NA,NA,NA,NA
C2013,331,NA,NA,NA,NA,NA,1,1,1,0,1,1,1,1,1,1,1,1,1,0,1,1,0,0,1,1,1,NA,1,1,1,1,1,0,1,1,0,1,NA,NA,NA,NA,1,0,1,NA,NA,NA,NA,NA,NA,NA,NA,NA,NA,NA,NA,NA,NA,NA,NA,NA,NA,NA,NA,NA,NA,NA,NA,NA,NA,NA,NA,NA,NA,NA,NA,NA,NA,NA,NA,NA,NA,NA,NA,NA,NA,NA,NA
C2013,332,NA,NA,NA,NA,NA,1,1,0,0,1,0,0,1,1,1,0,1,1,0,1,1,0,1,1,1,1,NA,0,0,1,1,1,0,1,1,1,1,NA,NA,NA,NA,0,1,1,NA,NA,NA,NA,NA,NA,NA,NA,NA,NA,NA,NA,NA,NA,NA,NA,NA,NA,NA,NA,NA,NA,NA,NA,NA,NA,NA,NA,NA,NA,NA,NA,NA,NA,NA,NA,NA,NA,NA,NA,NA,NA,NA,NA
C2013,333,NA,NA,NA,NA,NA,1,1,0,1,1,0,1,1,1,1,1,1,1,0,1,1,0,0,0,1,1,NA,0,1,1,0,1,0,1,1,0,1,NA,NA,NA,NA,1,0,1,NA,NA,NA,NA,NA,NA,NA,NA,NA,NA,NA,NA,NA,NA,NA,NA,NA,NA,NA,NA,NA,NA,NA,NA,NA,NA,NA,NA,NA,NA,NA,NA,NA,NA,NA,NA,NA,NA,NA,NA,NA,NA,NA,NA
C2013,334,NA,NA,NA,NA,NA,0,1,0,1,1,0,1,0,1,1,1,1,1,1,1,1,1,1,1,1,0,NA,0,1,0,1,1,0,0,1,0,1,NA,NA,NA,NA,1,0,1,NA,NA,NA,NA,NA,NA,NA,NA,NA,NA,NA,NA,NA,NA,NA,NA,NA,NA,NA,NA,NA,NA,NA,NA,NA,NA,NA,NA,NA,NA,NA,NA,NA,NA,NA,NA,NA,NA,NA,NA,NA,NA,NA,NA
C2013,335,NA,NA,NA,NA,NA,1,1,1,0,1,1,1,1,1,1,1,1,1,0,1,1,1,0,1,1,1,NA,1,1,1,0,1,1,1,1,1,1,NA,NA,NA,NA,1,1,1,NA,NA,NA,NA,NA,NA,NA,NA,NA,NA,NA,NA,NA,NA,NA,NA,NA,NA,NA,NA,NA,NA,NA,NA,NA,NA,NA,NA,NA,NA,NA,NA,NA,NA,NA,NA,NA,NA,NA,NA,NA,NA,NA,NA
C2013,336,NA,NA,NA,NA,NA,1,1,1,1,1,0,1,0,0,1,0,1,1,0,1,1,1,1,1,1,1,NA,1,1,1,1,1,1,1,0,1,0,NA,NA,NA,NA,1,1,0,NA,NA,NA,NA,NA,NA,NA,NA,NA,NA,NA,NA,NA,NA,NA,NA,NA,NA,NA,NA,NA,NA,NA,NA,NA,NA,NA,NA,NA,NA,NA,NA,NA,NA,NA,NA,NA,NA,NA,NA,NA,NA,NA,NA
C2013,337,NA,NA,NA,NA,NA,1,1,1,0,1,1,1,0,1,0,0,0,1,0,1,1,1,1,1,1,1,NA,0,1,0,1,1,0,0,1,1,0,NA,NA,NA,NA,1,0,1,NA,NA,NA,NA,NA,NA,NA,NA,NA,NA,NA,NA,NA,NA,NA,NA,NA,NA,NA,NA,NA,NA,NA,NA,NA,NA,NA,NA,NA,NA,NA,NA,NA,NA,NA,NA,NA,NA,NA,NA,NA,NA,NA,NA
C2013,338,NA,NA,NA,NA,NA,1,1,1,0,1,0,0,1,0,1,0,1,1,1,1,1,0,0,1,1,1,NA,1,1,1,0,0,1,0,0,1,1,NA,NA,NA,NA,1,1,1,NA,NA,NA,NA,NA,NA,NA,NA,NA,NA,NA,NA,NA,NA,NA,NA,NA,NA,NA,NA,NA,NA,NA,NA,NA,NA,NA,NA,NA,NA,NA,NA,NA,NA,NA,NA,NA,NA,NA,NA,NA,NA,NA,NA
C2013,339,NA,NA,NA,NA,NA,1,1,0,1,1,0,1,1,1,1,0,1,0,0,1,1,1,0,1,1,1,NA,1,1,1,1,1,0,1,0,1,1,NA,NA,NA,NA,1,0,1,NA,NA,NA,NA,NA,NA,NA,NA,NA,NA,NA,NA,NA,NA,NA,NA,NA,NA,NA,NA,NA,NA,NA,NA,NA,NA,NA,NA,NA,NA,NA,NA,NA,NA,NA,NA,NA,NA,NA,NA,NA,NA,NA,NA
C2013,340,NA,NA,NA,NA,NA,1,1,0,0,1,0,1,0,1,1,0,1,1,1,1,0,0,1,1,1,1,NA,1,1,1,0,0,0,1,0,1,1,NA,NA,NA,NA,0,0,1,NA,NA,NA,NA,NA,NA,NA,NA,NA,NA,NA,NA,NA,NA,NA,NA,NA,NA,NA,NA,NA,NA,NA,NA,NA,NA,NA,NA,NA,NA,NA,NA,NA,NA,NA,NA,NA,NA,NA,NA,NA,NA,NA,NA
C2013,341,NA,NA,NA,NA,NA,1,1,1,1,0,0,1,1,1,0,1,1,1,0,0,1,1,1,1,1,0,NA,1,0,0,1,1,0,0,0,1,0,NA,NA,NA,NA,1,0,1,NA,NA,NA,NA,NA,NA,NA,NA,NA,NA,NA,NA,NA,NA,NA,NA,NA,NA,NA,NA,NA,NA,NA,NA,NA,NA,NA,NA,NA,NA,NA,NA,NA,NA,NA,NA,NA,NA,NA,NA,NA,NA,NA,NA
C2013,342,NA,NA,NA,NA,NA,1,1,0,1,1,0,1,1,1,1,0,0,1,0,1,1,1,0,1,1,1,NA,0,0,1,0,1,1,0,1,1,1,NA,NA,NA,NA,1,1,1,NA,NA,NA,NA,NA,NA,NA,NA,NA,NA,NA,NA,NA,NA,NA,NA,NA,NA,NA,NA,NA,NA,NA,NA,NA,NA,NA,NA,NA,NA,NA,NA,NA,NA,NA,NA,NA,NA,NA,NA,NA,NA,NA,NA
C2013,343,NA,NA,NA,NA,NA,1,1,0,0,1,0,1,1,1,1,0,1,1,0,1,1,0,1,1,0,1,NA,1,1,1,1,1,1,1,1,1,1,NA,NA,NA,NA,1,0,1,NA,NA,NA,NA,NA,NA,NA,NA,NA,NA,NA,NA,NA,NA,NA,NA,NA,NA,NA,NA,NA,NA,NA,NA,NA,NA,NA,NA,NA,NA,NA,NA,NA,NA,NA,NA,NA,NA,NA,NA,NA,NA,NA,NA
C2013,344,NA,NA,NA,NA,NA,0,1,1,0,1,1,1,1,1,0,0,0,1,0,1,1,1,1,1,1,1,NA,1,1,1,1,0,0,0,0,1,0,NA,NA,NA,NA,1,1,1,NA,NA,NA,NA,NA,NA,NA,NA,NA,NA,NA,NA,NA,NA,NA,NA,NA,NA,NA,NA,NA,NA,NA,NA,NA,NA,NA,NA,NA,NA,NA,NA,NA,NA,NA,NA,NA,NA,NA,NA,NA,NA,NA,NA
C2013,345,NA,NA,NA,NA,NA,1,0,1,0,0,0,0,0,1,0,0,1,1,0,1,1,1,1,1,1,1,NA,0,1,1,0,1,0,0,1,1,1,NA,NA,NA,NA,1,1,1,NA,NA,NA,NA,NA,NA,NA,NA,NA,NA,NA,NA,NA,NA,NA,NA,NA,NA,NA,NA,NA,NA,NA,NA,NA,NA,NA,NA,NA,NA,NA,NA,NA,NA,NA,NA,NA,NA,NA,NA,NA,NA,NA,NA
C2013,346,NA,NA,NA,NA,NA,1,1,1,0,0,1,1,0,1,1,1,1,1,0,1,1,1,1,1,1,0,NA,0,1,1,0,1,1,0,1,1,1,NA,NA,NA,NA,1,0,0,NA,NA,NA,NA,NA,NA,NA,NA,NA,NA,NA,NA,NA,NA,NA,NA,NA,NA,NA,NA,NA,NA,NA,NA,NA,NA,NA,NA,NA,NA,NA,NA,NA,NA,NA,NA,NA,NA,NA,NA,NA,NA,NA,NA
C2013,347,NA,NA,NA,NA,NA,1,1,1,1,1,1,0,1,0,1,0,1,1,0,1,1,0,1,1,1,1,NA,0,0,1,1,1,0,1,0,1,1,NA,NA,NA,NA,1,0,1,NA,NA,NA,NA,NA,NA,NA,NA,NA,NA,NA,NA,NA,NA,NA,NA,NA,NA,NA,NA,NA,NA,NA,NA,NA,NA,NA,NA,NA,NA,NA,NA,NA,NA,NA,NA,NA,NA,NA,NA,NA,NA,NA,NA
C2013,348,NA,NA,NA,NA,NA,1,1,1,1,0,1,1,1,1,1,0,1,1,0,1,0,0,0,1,1,1,NA,1,0,0,0,1,0,1,0,1,1,NA,NA,NA,NA,0,1,1,NA,NA,NA,NA,NA,NA,NA,NA,NA,NA,NA,NA,NA,NA,NA,NA,NA,NA,NA,NA,NA,NA,NA,NA,NA,NA,NA,NA,NA,NA,NA,NA,NA,NA,NA,NA,NA,NA,NA,NA,NA,NA,NA,NA
C2013,349,NA,NA,NA,NA,NA,1,1,0,0,1,0,1,1,1,0,1,1,1,0,1,1,0,0,1,1,0,NA,1,1,1,1,1,0,0,1,1,1,NA,NA,NA,NA,0,0,0,NA,NA,NA,NA,NA,NA,NA,NA,NA,NA,NA,NA,NA,NA,NA,NA,NA,NA,NA,NA,NA,NA,NA,NA,NA,NA,NA,NA,NA,NA,NA,NA,NA,NA,NA,NA,NA,NA,NA,NA,NA,NA,NA,NA
C2013,350,NA,NA,NA,NA,NA,1,1,1,0,0,1,1,0,1,1,1,1,1,0,1,0,1,1,1,0,1,NA,1,1,1,0,1,1,1,1,1,1,NA,NA,NA,NA,1,0,1,NA,NA,NA,NA,NA,NA,NA,NA,NA,NA,NA,NA,NA,NA,NA,NA,NA,NA,NA,NA,NA,NA,NA,NA,NA,NA,NA,NA,NA,NA,NA,NA,NA,NA,NA,NA,NA,NA,NA,NA,NA,NA,NA,NA
C2013,351,NA,NA,NA,NA,NA,1,1,0,0,0,1,1,1,1,1,1,1,0,0,1,0,0,1,0,1,1,NA,1,1,0,1,1,0,0,1,1,1,NA,NA,NA,NA,1,1,1,NA,NA,NA,NA,NA,NA,NA,NA,NA,NA,NA,NA,NA,NA,NA,NA,NA,NA,NA,NA,NA,NA,NA,NA,NA,NA,NA,NA,NA,NA,NA,NA,NA,NA,NA,NA,NA,NA,NA,NA,NA,NA,NA,NA
C2013,352,NA,NA,NA,NA,NA,1,1,0,1,1,1,1,1,1,0,0,1,1,0,1,1,0,1,1,1,1,NA,0,0,1,0,1,1,0,1,1,1,NA,NA,NA,NA,1,1,0,NA,NA,NA,NA,NA,NA,NA,NA,NA,NA,NA,NA,NA,NA,NA,NA,NA,NA,NA,NA,NA,NA,NA,NA,NA,NA,NA,NA,NA,NA,NA,NA,NA,NA,NA,NA,NA,NA,NA,NA,NA,NA,NA,NA
C2013,353,NA,NA,NA,NA,NA,1,1,1,0,1,1,1,1,1,1,1,1,1,0,1,1,1,1,1,1,1,NA,1,1,1,1,1,0,1,0,1,1,NA,NA,NA,NA,0,1,1,NA,NA,NA,NA,NA,NA,NA,NA,NA,NA,NA,NA,NA,NA,NA,NA,NA,NA,NA,NA,NA,NA,NA,NA,NA,NA,NA,NA,NA,NA,NA,NA,NA,NA,NA,NA,NA,NA,NA,NA,NA,NA,NA,NA
C2013,354,NA,NA,NA,NA,NA,1,1,0,0,1,0,1,0,1,1,1,1,1,0,1,0,1,1,1,1,0,NA,0,1,1,1,1,1,1,1,1,1,NA,NA,NA,NA,1,1,1,NA,NA,NA,NA,NA,NA,NA,NA,NA,NA,NA,NA,NA,NA,NA,NA,NA,NA,NA,NA,NA,NA,NA,NA,NA,NA,NA,NA,NA,NA,NA,NA,NA,NA,NA,NA,NA,NA,NA,NA,NA,NA,NA,NA
C2013,355,NA,NA,NA,NA,NA,0,1,0,1,1,0,1,1,1,1,1,0,0,0,0,0,0,1,1,1,0,NA,1,0,1,1,1,0,0,1,1,1,NA,NA,NA,NA,1,0,0,NA,NA,NA,NA,NA,NA,NA,NA,NA,NA,NA,NA,NA,NA,NA,NA,NA,NA,NA,NA,NA,NA,NA,NA,NA,NA,NA,NA,NA,NA,NA,NA,NA,NA,NA,NA,NA,NA,NA,NA,NA,NA,NA,NA
C2013,356,NA,NA,NA,NA,NA,1,1,1,0,0,0,0,1,1,1,0,1,1,0,0,0,0,1,1,1,1,NA,0,0,1,1,1,0,0,0,1,1,NA,NA,NA,NA,1,1,1,NA,NA,NA,NA,NA,NA,NA,NA,NA,NA,NA,NA,NA,NA,NA,NA,NA,NA,NA,NA,NA,NA,NA,NA,NA,NA,NA,NA,NA,NA,NA,NA,NA,NA,NA,NA,NA,NA,NA,NA,NA,NA,NA,NA
C2013,357,NA,NA,NA,NA,NA,1,1,1,1,1,1,1,0,1,1,0,1,1,0,1,0,0,1,1,1,0,NA,0,0,0,1,1,0,1,0,1,0,NA,NA,NA,NA,0,1,1,NA,NA,NA,NA,NA,NA,NA,NA,NA,NA,NA,NA,NA,NA,NA,NA,NA,NA,NA,NA,NA,NA,NA,NA,NA,NA,NA,NA,NA,NA,NA,NA,NA,NA,NA,NA,NA,NA,NA,NA,NA,NA,NA,NA
C2013,358,NA,NA,NA,NA,NA,1,1,1,0,1,1,1,1,1,1,1,1,1,0,1,1,0,1,1,0,1,NA,1,1,1,1,1,0,1,0,1,1,NA,NA,NA,NA,1,0,1,NA,NA,NA,NA,NA,NA,NA,NA,NA,NA,NA,NA,NA,NA,NA,NA,NA,NA,NA,NA,NA,NA,NA,NA,NA,NA,NA,NA,NA,NA,NA,NA,NA,NA,NA,NA,NA,NA,NA,NA,NA,NA,NA,NA
C2013,359,NA,NA,NA,NA,NA,1,1,0,1,0,1,0,1,1,1,0,1,0,1,0,0,0,1,1,1,1,NA,1,1,1,0,1,0,0,1,1,1,NA,NA,NA,NA,1,1,1,NA,NA,NA,NA,NA,NA,NA,NA,NA,NA,NA,NA,NA,NA,NA,NA,NA,NA,NA,NA,NA,NA,NA,NA,NA,NA,NA,NA,NA,NA,NA,NA,NA,NA,NA,NA,NA,NA,NA,NA,NA,NA,NA,NA
C2013,360,NA,NA,NA,NA,NA,1,1,0,0,1,1,0,1,1,1,1,1,1,0,1,1,0,0,1,1,1,NA,1,1,1,1,1,1,1,1,1,1,NA,NA,NA,NA,1,0,1,NA,NA,NA,NA,NA,NA,NA,NA,NA,NA,NA,NA,NA,NA,NA,NA,NA,NA,NA,NA,NA,NA,NA,NA,NA,NA,NA,NA,NA,NA,NA,NA,NA,NA,NA,NA,NA,NA,NA,NA,NA,NA,NA,NA
C2013,361,NA,NA,NA,NA,NA,1,1,1,1,1,0,1,0,1,1,1,1,1,0,1,1,0,1,1,1,1,NA,1,1,1,1,1,1,1,1,1,1,NA,NA,NA,NA,1,1,1,NA,NA,NA,NA,NA,NA,NA,NA,NA,NA,NA,NA,NA,NA,NA,NA,NA,NA,NA,NA,NA,NA,NA,NA,NA,NA,NA,NA,NA,NA,NA,NA,NA,NA,NA,NA,NA,NA,NA,NA,NA,NA,NA,NA
C2013,362,NA,NA,NA,NA,NA,0,1,1,1,0,1,1,0,1,1,0,0,1,0,0,0,1,0,1,1,1,NA,0,1,0,1,0,0,1,0,0,1,NA,NA,NA,NA,0,1,1,NA,NA,NA,NA,NA,NA,NA,NA,NA,NA,NA,NA,NA,NA,NA,NA,NA,NA,NA,NA,NA,NA,NA,NA,NA,NA,NA,NA,NA,NA,NA,NA,NA,NA,NA,NA,NA,NA,NA,NA,NA,NA,NA,NA
C2013,363,NA,NA,NA,NA,NA,0,1,1,1,0,1,0,0,1,1,1,0,1,0,0,1,0,1,1,1,1,NA,0,1,1,1,1,1,1,0,1,1,NA,NA,NA,NA,1,1,0,NA,NA,NA,NA,NA,NA,NA,NA,NA,NA,NA,NA,NA,NA,NA,NA,NA,NA,NA,NA,NA,NA,NA,NA,NA,NA,NA,NA,NA,NA,NA,NA,NA,NA,NA,NA,NA,NA,NA,NA,NA,NA,NA,NA
C2013,364,NA,NA,NA,NA,NA,1,1,1,1,1,0,1,0,0,1,0,1,1,0,1,1,1,1,1,1,1,NA,1,1,1,1,1,1,1,0,1,0,NA,NA,NA,NA,1,1,1,NA,NA,NA,NA,NA,NA,NA,NA,NA,NA,NA,NA,NA,NA,NA,NA,NA,NA,NA,NA,NA,NA,NA,NA,NA,NA,NA,NA,NA,NA,NA,NA,NA,NA,NA,NA,NA,NA,NA,NA,NA,NA,NA,NA
C2013,365,NA,NA,NA,NA,NA,1,1,1,0,0,1,1,0,0,0,1,1,0,0,1,1,1,1,1,1,1,NA,0,1,0,1,0,0,0,0,1,1,NA,NA,NA,NA,1,0,1,NA,NA,NA,NA,NA,NA,NA,NA,NA,NA,NA,NA,NA,NA,NA,NA,NA,NA,NA,NA,NA,NA,NA,NA,NA,NA,NA,NA,NA,NA,NA,NA,NA,NA,NA,NA,NA,NA,NA,NA,NA,NA,NA,NA
C2013,366,NA,NA,NA,NA,NA,1,1,1,0,0,0,1,1,1,1,1,1,1,0,1,1,0,1,0,1,0,NA,1,1,1,0,1,0,0,1,0,1,NA,NA,NA,NA,1,0,1,NA,NA,NA,NA,NA,NA,NA,NA,NA,NA,NA,NA,NA,NA,NA,NA,NA,NA,NA,NA,NA,NA,NA,NA,NA,NA,NA,NA,NA,NA,NA,NA,NA,NA,NA,NA,NA,NA,NA,NA,NA,NA,NA,NA
C2013,367,NA,NA,NA,NA,NA,0,1,1,1,0,1,1,1,1,1,1,0,1,0,1,1,0,1,1,1,1,NA,0,1,0,1,1,0,0,0,1,1,NA,NA,NA,NA,0,0,1,NA,NA,NA,NA,NA,NA,NA,NA,NA,NA,NA,NA,NA,NA,NA,NA,NA,NA,NA,NA,NA,NA,NA,NA,NA,NA,NA,NA,NA,NA,NA,NA,NA,NA,NA,NA,NA,NA,NA,NA,NA,NA,NA,NA
C2013,368,NA,NA,NA,NA,NA,1,1,0,0,0,1,1,0,1,1,0,1,1,0,1,1,1,1,1,1,1,NA,1,0,0,1,1,0,0,0,1,1,NA,NA,NA,NA,1,0,1,NA,NA,NA,NA,NA,NA,NA,NA,NA,NA,NA,NA,NA,NA,NA,NA,NA,NA,NA,NA,NA,NA,NA,NA,NA,NA,NA,NA,NA,NA,NA,NA,NA,NA,NA,NA,NA,NA,NA,NA,NA,NA,NA,NA
C2013,369,NA,NA,NA,NA,NA,0,1,1,0,0,1,1,0,0,0,0,0,1,0,1,1,0,1,1,0,1,NA,1,1,1,1,1,0,1,1,0,1,NA,NA,NA,NA,1,0,1,NA,NA,NA,NA,NA,NA,NA,NA,NA,NA,NA,NA,NA,NA,NA,NA,NA,NA,NA,NA,NA,NA,NA,NA,NA,NA,NA,NA,NA,NA,NA,NA,NA,NA,NA,NA,NA,NA,NA,NA,NA,NA,NA,NA
C2013,370,NA,NA,NA,NA,NA,1,1,1,0,1,0,1,1,0,1,0,1,1,0,1,1,0,1,1,0,1,NA,1,1,1,1,1,1,1,1,1,1,NA,NA,NA,NA,1,1,0,NA,NA,NA,NA,NA,NA,NA,NA,NA,NA,NA,NA,NA,NA,NA,NA,NA,NA,NA,NA,NA,NA,NA,NA,NA,NA,NA,NA,NA,NA,NA,NA,NA,NA,NA,NA,NA,NA,NA,NA,NA,NA,NA,NA
C2013,371,NA,NA,NA,NA,NA,1,1,0,1,0,1,1,1,1,1,0,1,1,0,1,1,1,1,1,1,1,NA,1,1,1,1,1,1,0,1,1,1,NA,NA,NA,NA,1,0,0,NA,NA,NA,NA,NA,NA,NA,NA,NA,NA,NA,NA,NA,NA,NA,NA,NA,NA,NA,NA,NA,NA,NA,NA,NA,NA,NA,NA,NA,NA,NA,NA,NA,NA,NA,NA,NA,NA,NA,NA,NA,NA,NA,NA
C2013,372,NA,NA,NA,NA,NA,1,1,1,0,1,0,1,1,0,1,1,1,1,0,1,1,1,1,1,1,1,NA,0,0,1,1,1,0,1,1,1,1,NA,NA,NA,NA,0,1,0,NA,NA,NA,NA,NA,NA,NA,NA,NA,NA,NA,NA,NA,NA,NA,NA,NA,NA,NA,NA,NA,NA,NA,NA,NA,NA,NA,NA,NA,NA,NA,NA,NA,NA,NA,NA,NA,NA,NA,NA,NA,NA,NA,NA
C2013,373,NA,NA,NA,NA,NA,1,1,0,0,1,0,1,1,1,1,0,0,1,0,1,1,0,1,1,1,1,NA,1,1,1,0,1,0,1,0,1,0,NA,NA,NA,NA,1,1,1,NA,NA,NA,NA,NA,NA,NA,NA,NA,NA,NA,NA,NA,NA,NA,NA,NA,NA,NA,NA,NA,NA,NA,NA,NA,NA,NA,NA,NA,NA,NA,NA,NA,NA,NA,NA,NA,NA,NA,NA,NA,NA,NA,NA
C2013,374,NA,NA,NA,NA,NA,0,1,1,1,1,1,1,0,1,1,0,1,0,0,1,1,0,1,1,1,0,NA,0,0,1,0,1,0,1,1,1,1,NA,NA,NA,NA,0,1,1,NA,NA,NA,NA,NA,NA,NA,NA,NA,NA,NA,NA,NA,NA,NA,NA,NA,NA,NA,NA,NA,NA,NA,NA,NA,NA,NA,NA,NA,NA,NA,NA,NA,NA,NA,NA,NA,NA,NA,NA,NA,NA,NA,NA
C2013,375,NA,NA,NA,NA,NA,1,1,1,0,0,1,1,0,1,0,1,0,0,0,1,0,1,1,1,0,1,NA,1,0,0,1,1,1,0,0,1,1,NA,NA,NA,NA,1,1,0,NA,NA,NA,NA,NA,NA,NA,NA,NA,NA,NA,NA,NA,NA,NA,NA,NA,NA,NA,NA,NA,NA,NA,NA,NA,NA,NA,NA,NA,NA,NA,NA,NA,NA,NA,NA,NA,NA,NA,NA,NA,NA,NA,NA
C2013,376,NA,NA,NA,NA,NA,0,1,1,1,0,1,1,1,1,1,1,1,1,1,1,1,0,0,1,1,1,NA,1,1,1,0,1,0,1,0,1,1,NA,NA,NA,NA,1,0,1,NA,NA,NA,NA,NA,NA,NA,NA,NA,NA,NA,NA,NA,NA,NA,NA,NA,NA,NA,NA,NA,NA,NA,NA,NA,NA,NA,NA,NA,NA,NA,NA,NA,NA,NA,NA,NA,NA,NA,NA,NA,NA,NA,NA
C2013,377,NA,NA,NA,NA,NA,1,1,0,0,1,0,1,1,0,1,0,1,1,0,1,1,0,1,1,0,1,NA,0,0,1,0,0,0,1,1,1,0,NA,NA,NA,NA,1,0,0,NA,NA,NA,NA,NA,NA,NA,NA,NA,NA,NA,NA,NA,NA,NA,NA,NA,NA,NA,NA,NA,NA,NA,NA,NA,NA,NA,NA,NA,NA,NA,NA,NA,NA,NA,NA,NA,NA,NA,NA,NA,NA,NA,NA
C2013,378,NA,NA,NA,NA,NA,1,1,0,1,1,0,0,0,1,0,0,0,1,0,1,1,0,1,0,0,1,NA,0,0,1,1,0,0,1,0,1,1,NA,NA,NA,NA,0,0,1,NA,NA,NA,NA,NA,NA,NA,NA,NA,NA,NA,NA,NA,NA,NA,NA,NA,NA,NA,NA,NA,NA,NA,NA,NA,NA,NA,NA,NA,NA,NA,NA,NA,NA,NA,NA,NA,NA,NA,NA,NA,NA,NA,NA
C2013,379,NA,NA,NA,NA,NA,1,1,1,0,0,1,1,1,0,1,0,1,1,0,1,1,1,1,1,1,1,NA,1,1,1,1,1,0,0,0,1,1,NA,NA,NA,NA,1,0,1,NA,NA,NA,NA,NA,NA,NA,NA,NA,NA,NA,NA,NA,NA,NA,NA,NA,NA,NA,NA,NA,NA,NA,NA,NA,NA,NA,NA,NA,NA,NA,NA,NA,NA,NA,NA,NA,NA,NA,NA,NA,NA,NA,NA
C2013,380,NA,NA,NA,NA,NA,1,1,0,1,1,1,1,1,1,1,1,0,0,0,1,1,0,0,1,1,1,NA,1,1,1,1,1,0,0,1,0,0,NA,NA,NA,NA,0,0,1,NA,NA,NA,NA,NA,NA,NA,NA,NA,NA,NA,NA,NA,NA,NA,NA,NA,NA,NA,NA,NA,NA,NA,NA,NA,NA,NA,NA,NA,NA,NA,NA,NA,NA,NA,NA,NA,NA,NA,NA,NA,NA,NA,NA
C2013,381,NA,NA,NA,NA,NA,1,1,0,0,1,1,1,0,1,1,0,1,1,0,0,1,1,1,1,1,0,NA,0,0,1,0,1,1,1,0,0,1,NA,NA,NA,NA,1,0,1,NA,NA,NA,NA,NA,NA,NA,NA,NA,NA,NA,NA,NA,NA,NA,NA,NA,NA,NA,NA,NA,NA,NA,NA,NA,NA,NA,NA,NA,NA,NA,NA,NA,NA,NA,NA,NA,NA,NA,NA,NA,NA,NA,NA
C2013,382,NA,NA,NA,NA,NA,0,1,0,0,0,0,1,1,0,1,1,1,1,0,0,1,1,0,1,1,0,NA,1,1,1,1,1,0,1,1,1,1,NA,NA,NA,NA,1,1,1,NA,NA,NA,NA,NA,NA,NA,NA,NA,NA,NA,NA,NA,NA,NA,NA,NA,NA,NA,NA,NA,NA,NA,NA,NA,NA,NA,NA,NA,NA,NA,NA,NA,NA,NA,NA,NA,NA,NA,NA,NA,NA,NA,NA
C2013,383,NA,NA,NA,NA,NA,1,1,1,1,0,0,1,1,1,1,1,1,0,0,1,1,1,0,1,1,0,NA,1,1,0,1,1,0,1,1,1,1,NA,NA,NA,NA,1,0,1,NA,NA,NA,NA,NA,NA,NA,NA,NA,NA,NA,NA,NA,NA,NA,NA,NA,NA,NA,NA,NA,NA,NA,NA,NA,NA,NA,NA,NA,NA,NA,NA,NA,NA,NA,NA,NA,NA,NA,NA,NA,NA,NA,NA
C2013,384,NA,NA,NA,NA,NA,0,1,1,0,1,1,1,0,0,1,0,1,1,0,1,1,1,1,1,1,0,NA,0,1,1,1,0,0,0,0,1,1,NA,NA,NA,NA,0,0,1,NA,NA,NA,NA,NA,NA,NA,NA,NA,NA,NA,NA,NA,NA,NA,NA,NA,NA,NA,NA,NA,NA,NA,NA,NA,NA,NA,NA,NA,NA,NA,NA,NA,NA,NA,NA,NA,NA,NA,NA,NA,NA,NA,NA
C2013,385,NA,NA,NA,NA,NA,1,1,1,0,0,1,1,1,0,1,0,0,1,0,1,1,1,1,1,1,1,NA,0,1,1,1,1,0,0,1,1,1,NA,NA,NA,NA,1,1,0,NA,NA,NA,NA,NA,NA,NA,NA,NA,NA,NA,NA,NA,NA,NA,NA,NA,NA,NA,NA,NA,NA,NA,NA,NA,NA,NA,NA,NA,NA,NA,NA,NA,NA,NA,NA,NA,NA,NA,NA,NA,NA,NA,NA
C2013,386,NA,NA,NA,NA,NA,1,1,1,1,1,1,1,1,1,1,1,1,1,0,1,1,1,1,1,1,1,NA,1,1,1,1,1,0,1,1,1,1,NA,NA,NA,NA,1,1,0,NA,NA,NA,NA,NA,NA,NA,NA,NA,NA,NA,NA,NA,NA,NA,NA,NA,NA,NA,NA,NA,NA,NA,NA,NA,NA,NA,NA,NA,NA,NA,NA,NA,NA,NA,NA,NA,NA,NA,NA,NA,NA,NA,NA
C2013,387,NA,NA,NA,NA,NA,1,1,0,0,0,0,1,0,1,1,0,0,1,0,1,0,1,1,1,0,1,NA,0,1,0,0,1,0,0,1,1,0,NA,NA,NA,NA,1,0,1,NA,NA,NA,NA,NA,NA,NA,NA,NA,NA,NA,NA,NA,NA,NA,NA,NA,NA,NA,NA,NA,NA,NA,NA,NA,NA,NA,NA,NA,NA,NA,NA,NA,NA,NA,NA,NA,NA,NA,NA,NA,NA,NA,NA
C2013,388,NA,NA,NA,NA,NA,1,1,0,1,1,0,1,1,0,1,0,1,1,0,1,1,1,1,1,1,0,NA,0,1,1,1,1,1,1,0,1,1,NA,NA,NA,NA,1,1,1,NA,NA,NA,NA,NA,NA,NA,NA,NA,NA,NA,NA,NA,NA,NA,NA,NA,NA,NA,NA,NA,NA,NA,NA,NA,NA,NA,NA,NA,NA,NA,NA,NA,NA,NA,NA,NA,NA,NA,NA,NA,NA,NA,NA
C2013,389,NA,NA,NA,NA,NA,1,1,1,0,1,0,1,1,1,1,1,1,1,0,1,1,0,0,1,0,1,NA,1,1,1,1,1,0,1,1,1,1,NA,NA,NA,NA,1,0,1,NA,NA,NA,NA,NA,NA,NA,NA,NA,NA,NA,NA,NA,NA,NA,NA,NA,NA,NA,NA,NA,NA,NA,NA,NA,NA,NA,NA,NA,NA,NA,NA,NA,NA,NA,NA,NA,NA,NA,NA,NA,NA,NA,NA
C2013,390,NA,NA,NA,NA,NA,1,1,1,1,1,1,1,0,0,1,0,1,1,0,1,1,1,0,1,1,1,NA,1,0,1,0,1,0,1,1,1,1,NA,NA,NA,NA,1,0,1,NA,NA,NA,NA,NA,NA,NA,NA,NA,NA,NA,NA,NA,NA,NA,NA,NA,NA,NA,NA,NA,NA,NA,NA,NA,NA,NA,NA,NA,NA,NA,NA,NA,NA,NA,NA,NA,NA,NA,NA,NA,NA,NA,NA
C2013,391,NA,NA,NA,NA,NA,0,1,1,1,0,1,1,1,1,1,1,1,0,0,1,1,0,0,1,0,1,NA,1,0,1,0,1,1,1,1,1,1,NA,NA,NA,NA,1,1,1,NA,NA,NA,NA,NA,NA,NA,NA,NA,NA,NA,NA,NA,NA,NA,NA,NA,NA,NA,NA,NA,NA,NA,NA,NA,NA,NA,NA,NA,NA,NA,NA,NA,NA,NA,NA,NA,NA,NA,NA,NA,NA,NA,NA
C2015,392,NA,NA,NA,NA,NA,0,1,1,0,1,1,1,0,1,1,NA,1,1,NA,0,1,0,1,1,NA,NA,NA,NA,NA,NA,1,1,1,0,0,1,1,1,NA,NA,0,1,1,NA,1,1,1,1,0,1,1,0,1,1,0,NA,NA,NA,NA,NA,NA,NA,NA,NA,NA,NA,NA,NA,NA,NA,NA,NA,NA,NA,NA,NA,NA,NA,NA,NA,NA,NA,1,1,1,1,1,1
C2015,393,NA,NA,NA,NA,NA,0,0,1,1,0,0,1,0,1,0,NA,1,1,NA,0,0,1,1,1,NA,NA,NA,NA,NA,NA,1,1,1,1,0,1,1,1,NA,NA,0,1,0,NA,1,1,1,1,0,1,0,0,1,0,1,NA,NA,NA,NA,NA,NA,NA,NA,NA,NA,NA,NA,NA,NA,NA,NA,NA,NA,NA,NA,NA,NA,NA,NA,NA,NA,NA,0,0,0,1,0,0
C2015,394,NA,NA,NA,NA,NA,0,1,1,1,1,0,1,0,1,1,NA,1,1,NA,1,1,1,0,1,NA,NA,NA,NA,NA,NA,1,1,0,1,0,0,1,1,NA,NA,0,1,1,NA,1,1,1,0,1,0,1,1,1,1,1,NA,NA,NA,NA,NA,NA,NA,NA,NA,NA,NA,NA,NA,NA,NA,NA,NA,NA,NA,NA,NA,NA,NA,NA,NA,NA,NA,1,1,1,1,1,1
C2015,395,NA,NA,NA,NA,NA,0,1,1,0,1,1,1,1,1,1,NA,1,1,NA,1,1,1,0,1,NA,NA,NA,NA,NA,NA,1,1,0,1,1,1,0,1,NA,NA,1,1,1,NA,1,1,1,1,1,1,1,1,1,0,1,NA,NA,NA,NA,NA,NA,NA,NA,NA,NA,NA,NA,NA,NA,NA,NA,NA,NA,NA,NA,NA,NA,NA,NA,NA,NA,NA,1,1,1,1,1,1
C2015,396,NA,NA,NA,NA,NA,0,1,1,1,1,1,1,1,1,1,NA,1,1,NA,1,1,1,0,1,NA,NA,NA,NA,NA,NA,1,1,0,1,1,1,1,1,NA,NA,1,1,1,NA,1,1,1,1,1,0,0,1,1,1,0,NA,NA,NA,NA,NA,NA,NA,NA,NA,NA,NA,NA,NA,NA,NA,NA,NA,NA,NA,NA,NA,NA,NA,NA,NA,NA,NA,1,1,1,1,1,1
C2015,397,NA,NA,NA,NA,NA,0,1,1,1,1,1,0,0,0,1,NA,1,1,NA,1,1,1,1,1,NA,NA,NA,NA,NA,NA,1,1,0,1,1,1,1,1,NA,NA,0,1,0,NA,1,1,1,1,1,1,1,1,1,0,1,NA,NA,NA,NA,NA,NA,NA,NA,NA,NA,NA,NA,NA,NA,NA,NA,NA,NA,NA,NA,NA,NA,NA,NA,NA,NA,NA,1,1,1,1,1,1
C2015,398,NA,NA,NA,NA,NA,0,1,1,1,0,1,1,0,1,1,NA,1,1,NA,0,1,0,0,1,NA,NA,NA,NA,NA,NA,1,1,1,1,1,1,1,1,NA,NA,1,1,1,NA,0,1,1,1,1,1,1,1,1,0,1,NA,NA,NA,NA,NA,NA,NA,NA,NA,NA,NA,NA,NA,NA,NA,NA,NA,NA,NA,NA,NA,NA,NA,NA,NA,NA,NA,1,1,1,1,1,1
C2015,399,NA,NA,NA,NA,NA,0,1,1,0,1,0,1,0,1,1,NA,1,1,NA,0,1,1,0,1,NA,NA,NA,NA,NA,NA,1,1,1,0,1,1,1,1,NA,NA,1,1,1,NA,0,1,1,1,0,1,0,1,1,0,1,NA,NA,NA,NA,NA,NA,NA,NA,NA,NA,NA,NA,NA,NA,NA,NA,NA,NA,NA,NA,NA,NA,NA,NA,NA,NA,NA,1,1,1,1,1,1
C2015,400,NA,NA,NA,NA,NA,0,1,1,0,1,0,1,0,1,1,NA,1,1,NA,1,1,1,1,1,NA,NA,NA,NA,NA,NA,1,1,1,1,1,1,1,1,NA,NA,1,1,1,NA,1,1,1,0,1,1,1,1,1,0,1,NA,NA,NA,NA,NA,NA,NA,NA,NA,NA,NA,NA,NA,NA,NA,NA,NA,NA,NA,NA,NA,NA,NA,NA,NA,NA,NA,1,1,1,1,1,1
C2015,401,NA,NA,NA,NA,NA,0,1,1,0,1,1,1,1,1,1,NA,1,0,NA,1,0,0,1,1,NA,NA,NA,NA,NA,NA,1,1,0,1,1,1,1,1,NA,NA,0,1,1,NA,1,1,1,1,0,1,1,1,1,0,1,NA,NA,NA,NA,NA,NA,NA,NA,NA,NA,NA,NA,NA,NA,NA,NA,NA,NA,NA,NA,NA,NA,NA,NA,NA,NA,NA,1,1,1,1,1,1
C2015,402,NA,NA,NA,NA,NA,0,1,1,0,1,1,1,1,1,0,NA,1,1,NA,1,1,1,1,1,NA,NA,NA,NA,NA,NA,1,1,0,1,1,1,1,1,NA,NA,0,1,1,NA,1,1,1,1,1,1,0,1,1,1,1,NA,NA,NA,NA,NA,NA,NA,NA,NA,NA,NA,NA,NA,NA,NA,NA,NA,NA,NA,NA,NA,NA,NA,NA,NA,NA,NA,1,1,1,1,1,1
C2015,403,NA,NA,NA,NA,NA,0,1,1,1,1,1,1,1,1,1,NA,1,1,NA,1,1,1,0,1,NA,NA,NA,NA,NA,NA,1,1,0,1,1,1,1,1,NA,NA,1,1,1,NA,1,1,1,1,1,1,1,1,1,0,0,NA,NA,NA,NA,NA,NA,NA,NA,NA,NA,NA,NA,NA,NA,NA,NA,NA,NA,NA,NA,NA,NA,NA,NA,NA,NA,NA,1,1,1,1,1,1
S2015,404,1,0,NA,1,1,1,NA,1,NA,1,NA,1,NA,0,NA,1,NA,1,NA,NA,NA,1,1,1,NA,NA,1,NA,1,NA,NA,1,NA,NA,1,1,1,NA,NA,NA,NA,1,NA,1,NA,NA,1,NA,1,1,NA,NA,NA,1,1,NA,NA,NA,NA,NA,NA,1,NA,1,1,0,NA,NA,1,NA,1,NA,1,1,NA,NA,1,NA,NA,0,1,1,1,1,NA,1,1,1
S2015,405,0,1,NA,1,0,1,NA,1,NA,1,NA,1,NA,1,NA,0,NA,1,NA,NA,NA,1,1,0,NA,NA,1,NA,1,NA,NA,1,NA,NA,1,1,1,NA,NA,NA,NA,1,NA,1,NA,NA,1,NA,1,1,NA,NA,NA,1,1,NA,NA,NA,NA,NA,NA,1,NA,0,1,0,NA,NA,0,NA,1,NA,0,1,NA,NA,1,NA,NA,0,1,1,0,1,NA,0,0,1
S2015,406,1,0,NA,1,1,1,NA,1,NA,1,NA,1,NA,1,NA,1,NA,1,NA,NA,NA,1,1,1,NA,NA,0,NA,1,NA,NA,1,NA,NA,1,1,1,NA,NA,NA,NA,1,NA,1,NA,NA,1,NA,1,1,NA,NA,NA,1,1,NA,NA,NA,NA,NA,NA,1,NA,1,1,1,NA,NA,0,NA,1,NA,1,0,NA,NA,1,NA,NA,1,1,1,1,1,NA,1,1,0
